"YR","DOY","NDVI","EVI","bnd3.ref","bnd7.ref","bnd2.ref","bnd1.ref","QC","LSWI2"
2001,12,0.5414,0.1938,0.0205,0.0874,0.1348,0.0401,0,0.213321332133213
2001,17,0.5378,0.1716,0.0154,0.0853,0.1198,0.036,0,0.168210628961482
2001,35,0.5358,0.2262,0.0227,0.1102,0.1694,0.0512,0,0.21173104434907
2001,58,0.5635,0.2511,0.0207,0.105,0.1877,0.0524,0,0.282541851725316
2001,76,0.6452,0.3714,0.0248,0.1302,0.2727,0.0588,0,0.353685778108712
2001,88,0.6811,0.3851,0.0207,0.0988,0.2705,0.0513,0,0.464933658272407
2001,99,0.7125,0.448,0.0223,0.097,0.3158,0.053,0,0.530038759689922
2001,115,0.7779,0.5754,0.0244,0.1019,0.398,0.0497,0,0.592318463692739
2001,138,0.666,0.492,0.0387,0.1111,0.3816,0.0765,0,0.549015628171301
2001,145,0.6319,0.4522,0.0381,0.1048,0.3703,0.0835,0,0.558829720058935
2001,161,0.6474,0.474,0.0371,0.092,0.3878,0.083,0,0.616506877865778
2001,186,0.6168,0.4648,0.0425,0.1106,0.4051,0.096,0,0.571068450649602
2001,202,0.6363,0.4756,0.0381,0.1028,0.4072,0.0905,0,0.596862745098039
2001,220,0.6543,0.5245,0.0468,0.0939,0.4279,0.0894,0,0.640091989267919
2001,225,0.6357,0.4752,0.0415,0.1176,0.3929,0.0875,0,0.539275220372184
2001,248,0.6604,0.4947,0.039,0.0993,0.3946,0.0807,0,0.597894310589188
2001,271,0.5938,0.3444,0.0336,0.098,0.2598,0.0662,0,0.452207937395193
2001,282,0.4828,0.2551,0.0384,0.1115,0.2165,0.0755,0,0.320121951219512
2001,296,0.4622,0.2315,0.0388,0.1115,0.1958,0.072,0,0.274324764074195
2001,312,0.4225,0.1709,0.0298,0.087,0.1478,0.06,0,0.258943781942078
2001,331,NA,NA,NA,NA,NA,NA,1,NA
2001,344,0.4659,0.1382,0.0223,0.1096,0.1002,0.0365,0,-0.0448045757864633
2001,3,NA,NA,NA,NA,NA,NA,1,NA
2002,15,0.4021,0.1206,0.0188,0.1193,0.1032,0.044,0,-0.0723595505617978
2002,22,0.4126,0.1182,0.0211,0.1094,0.095,0.0395,0,-0.0704500978473582
2002,43,0.349,0.1263,0.0218,0.1426,0.1318,0.0636,0,-0.0393586005830904
2002,61,0.3807,0.1621,0.0293,0.1714,0.1621,0.0727,0,-0.0278860569715143
2002,77,0.4236,0.1965,0.0277,0.1397,0.1912,0.0774,0,0.155636143850106
2002,91,0.5433,0.252,0.029,0.1262,0.1859,0.055,0,0.191284844601089
2002,109,0.5981,0.3268,0.0274,0.1115,0.247,0.0621,0,0.377963737796374
2002,125,0.6991,0.5039,0.0349,0.1056,0.3654,0.0647,0,0.551592356687898
2002,130,0.7806,0.6069,0.0312,0.0985,0.4091,0.0504,0,0.611899133175729
2002,157,0.6953,0.5611,0.0399,0.1112,0.4446,0.0799,0,0.599856063332134
2002,164,0.5738,0.3803,0.0401,0.0752,0.3224,0.0873,0,0.621730382293763
2002,180,0.5209,0.3854,0.0536,0.1358,0.3851,0.1213,0,0.478594739873296
2002,194,0.4835,0.3488,0.0542,0.1051,0.3749,0.1305,0,0.562083333333333
2002,221,0.5111,0.3713,0.0494,0.1205,0.3901,0.1262,0,0.528006267136702
2002,237,0.5453,0.4007,0.0504,0.1027,0.3797,0.1117,0,0.574212271973466
2002,253,0.57,0.4053,0.0395,0.1001,0.3834,0.105,0,0.58593588417787
2002,269,0.6684,0.5249,0.04,0.0922,0.4312,0.0857,0,0.647688192586932
2002,276,0.6911,0.5058,0.033,0.083,0.3871,0.0707,0,0.646883641778345
2002,292,0.6358,0.4326,0.0472,0.088,0.2996,0.0667,0,0.545923632610939
2002,308,0.5392,0.264,0.0395,0.0823,0.1834,0.0549,0,0.380504328189688
2002,329,0.5371,0.1868,0.0188,0.0996,0.1312,0.0395,0,0.136915077989601
2002,338,NA,NA,NA,NA,NA,NA,1,NA
2002,356,0.5605,0.0994,0.0132,0.0576,0.0586,0.0165,0,0.00860585197934596
2003,1,NA,NA,NA,NA,NA,NA,1,NA
2003,28,0.4503,0.1147,0.0164,0.065,0.0855,0.0324,0,0.136212624584718
2003,35,0.6949,0.3258,0.0163,0.0769,0.2084,0.0375,0,0.460918331580792
2003,53,0.5527,0.2041,0.0169,0.0743,0.1458,0.042,0,0.324852339845525
2003,76,0.6938,0.4159,0.0188,0.0799,0.3026,0.0547,0,0.582222222222222
2003,87,0.669,0.425,0.0252,0.1073,0.3212,0.0637,0,0.499183197199533
2003,108,0.7397,0.4717,0.0201,0.058,0.3255,0.0487,0,0.697522816166884
2003,126,0.7188,0.479,0.028,0.061,0.3314,0.0542,0,0.689092762487258
2003,137,0.7189,0.5708,0.0351,0.0875,0.4379,0.0716,0,0.666920441568329
2003,151,0.7216,0.5743,0.0367,0.0882,0.4317,0.0698,0,0.660703981534911
2003,176,0.6931,0.5867,0.0462,0.1101,0.4663,0.0845,0,0.617973629424011
2003,183,0.6512,0.4983,0.0403,0.109,0.4129,0.0872,0,0.582295458900173
2003,199,0.7386,0.6467,0.0455,0.0936,0.4764,0.0716,0,0.671578947368421
2003,215,0.7053,0.578,0.0446,0.0999,0.4318,0.0746,0,0.624224186571375
2003,231,0.6519,0.5223,0.0425,0.1006,0.45,0.0948,0,0.634580457682528
2003,256,0.5863,0.4183,0.0429,0.1162,0.3659,0.0954,0,0.517942335615018
2003,263,0.598,0.4059,0.0393,0.1039,0.3359,0.0845,0,0.527512505684402
2003,279,0.5678,0.3903,0.0472,0.1089,0.3254,0.0897,0,0.498503338705964
2003,302,0.4895,0.1761,0.0384,0.0942,0.1135,0.0389,0,0.0929224843524314
2003,320,0.4867,0.1448,0.0319,0.0793,0.0924,0.0319,0,0.0762958648806057
2003,329,0.4607,0.1338,0.025,0.0904,0.0948,0.035,0,0.0237580993520518
2003,345,0.423,0.1191,0.023,0.1092,0.0915,0.0371,0,-0.0881913303437968
2003,361,0.4451,0.0769,0.0143,0.0667,0.0534,0.0205,0,-0.110741049125729
2004,3,0.3911,0.0731,0.0183,0.081,0.0553,0.0242,0,-0.188554658840792
2004,21,0.4353,0.1081,0.018,0.0911,0.0811,0.0319,0,-0.0580720092915215
2004,42,0.3747,0.0891,0.0208,0.0717,0.073,0.0332,0,0.00898410504492059
2004,62,0.5224,0.1491,0.0164,0.0605,0.1017,0.0319,0,0.254007398273736
2004,67,0.5538,0.1572,0.0142,0.0514,0.1038,0.0298,0,0.337628865979381
2004,83,0.4752,0.1963,0.0284,0.1247,0.1552,0.0552,0,0.10896748838871
2004,99,0.4638,0.2708,0.037,0.1268,0.2725,0.0998,0,0.3648885549712
2004,115,0.5551,0.2656,0.0276,0.0599,0.1982,0.0567,0,0.535838822161953
2004,129,0.5429,0.3319,0.0348,0.1118,0.293,0.0868,0,0.447628458498024
2004,159,0.6241,0.4343,0.0375,0.0911,0.3531,0.0817,0,0.589824403421882
2004,170,0.6112,0.4684,0.051,0.1147,0.3855,0.093,0,0.541383446621351
2004,186,0.6659,0.5208,0.0445,0.0935,0.4075,0.0817,0,0.626746506986028
2004,202,0.714,0.5733,0.041,0.0965,0.4244,0.0708,0,0.629487425609522
2004,218,0.7053,0.5465,0.0386,0.1127,0.4068,0.0703,0,0.566121270452358
2004,227,0.7191,0.5829,0.0403,0.0943,0.434,0.0709,0,0.6430058678781
2004,250,0.7142,0.5656,0.0441,0.1295,0.3977,0.0663,0,0.508725341426404
2004,266,0.6915,0.5288,0.0398,0.112,0.396,0.0722,0,0.559055118110236
2004,282,0.7018,0.5059,0.0352,0.1059,0.3636,0.0637,0,0.54888178913738
2004,298,0.6362,0.328,0.0232,0.0579,0.2299,0.0511,0,0.597637248088951
2004,305,0.6408,0.2768,0.0236,0.0833,0.1736,0.038,0,0.35149863760218
2004,325,0.5405,0.1886,0.0178,0.0808,0.1331,0.0397,0,0.24450677886863
2004,337,0.5128,0.1656,0.0157,0.0664,0.1208,0.0389,0,0.290598290598291
2004,358,0.4567,0.135,0.0196,0.108,0.1019,0.038,0,-0.0290614578370652
2005,12,0.4346,0.0926,0.0099,0.0382,0.0713,0.0281,0,0.302283105022831
2005,32,0.4784,0.1756,0.0229,0.096,0.1358,0.0479,0,0.171699741156169
2005,37,0.4866,0.1547,0.0192,0.0918,0.1141,0.0394,0,0.108305002428363
2005,53,0.5903,0.1854,0.0151,0.067,0.1188,0.0306,0,0.278794402583423
2005,69,0.64,0.2575,0.0161,0.0605,0.1672,0.0367,0,0.468599033816425
2005,90,0.6264,0.2423,0.0192,0.0731,0.1537,0.0353,0,0.355379188712522
2005,106,0.7266,0.4542,0.0242,0.1013,0.3051,0.0483,0,0.501476377952756
2005,122,0.6943,0.4375,0.0257,0.0687,0.3104,0.056,0,0.637562648377737
2005,140,0.6569,0.3937,0.0283,0.0872,0.2821,0.0584,0,0.527755212564311
2005,145,0.7096,0.4658,0.0299,0.0689,0.3185,0.0541,0,0.644295302013423
2005,172,0.6405,0.4716,0.0455,0.1245,0.361,0.0791,0,0.487126673532441
2005,188,0.688,0.52,0.0436,0.1125,0.3718,0.0687,0,0.535411934751187
2005,204,0.7383,0.5843,0.0386,0.104,0.4105,0.0618,0,0.595724003887269
2005,220,0.7554,0.6346,0.0426,0.1052,0.4378,0.061,0,0.612523020257827
2005,236,0.6742,0.5153,0.0419,0.1137,0.3942,0.0767,0,0.552274069698759
2005,252,0.5867,0.4295,0.0472,0.1047,0.3709,0.0966,0,0.559714045416316
2005,268,0.6622,0.4954,0.0454,0.1365,0.3661,0.0744,0,0.456824512534819
2005,284,0.6827,0.4798,0.035,0.0928,0.3517,0.0663,0,0.582452193475816
2005,300,0.5944,0.3225,0.0358,0.0901,0.2249,0.0572,0,0.427936507936508
2005,309,0.5623,0.2737,0.029,0.0909,0.201,0.0563,0,0.377183967112025
2005,330,0.4946,0.219,0.0243,0.086,0.1807,0.0611,0,0.355080614923135
2005,348,0.4163,0.1377,0.0204,0.0718,0.1177,0.0485,0,0.24221635883905
2005,360,NA,NA,NA,NA,NA,NA,3,NA
2006,15,0.4466,0.1251,0.0149,0.0691,0.0983,0.0376,0,0.174432497013142
2006,22,0.3843,0.0955,0.0154,0.0624,0.0814,0.0362,0,0.132127955493741
2006,47,0.4312,0.1482,0.0215,0.0972,0.1238,0.0492,0,0.120361990950226
2006,52,0.4496,0.1485,0.0206,0.095,0.118,0.0448,0,0.107981220657277
2006,77,0.5108,0.1788,0.0159,0.0685,0.1353,0.0438,0,0.327772325809617
2006,85,NA,NA,NA,NA,NA,NA,3,NA
2006,111,0.6326,0.298,0.0177,0.0769,0.2089,0.047,0,0.46186144156753
2006,122,0.6908,0.4419,0.0254,0.0901,0.3205,0.0586,0,0.561130053580127
2006,134,0.708,0.4601,0.0229,0.0832,0.3341,0.0571,0,0.601246105919003
2006,150,0.7478,0.5294,0.0276,0.0806,0.3646,0.0526,0,0.637915543575921
2006,168,0.6684,0.4843,0.038,0.1066,0.3679,0.0731,0,0.550684931506849
2006,184,0.6708,0.5276,0.043,0.116,0.4177,0.0823,0,0.565298857035788
2006,202,0.6148,0.5174,0.0598,0.122,0.4419,0.1054,0,0.567299166518886
2006,209,0.6222,0.5119,0.0513,0.1388,0.4561,0.1062,0,0.53336695242898
2006,239,0.6164,0.4503,0.0363,0.0885,0.402,0.0954,0,0.63914373088685
2006,255,0.6951,0.5406,0.0453,0.1066,0.3853,0.0693,0,0.566578572880667
2006,271,0.6685,0.481,0.04,0.0659,0.3549,0.0705,0,0.686787072243346
2006,287,0.6497,0.3635,0.038,0.066,0.2275,0.0483,0,0.550255536626917
2006,294,0.6204,0.3409,0.0343,0.0948,0.2314,0.0542,0,0.418761496014715
2006,319,0.5802,0.2062,0.0174,0.0496,0.1378,0.0366,0,0.470651013874066
2006,335,0.5804,0.1831,0.015,0.0789,0.1194,0.0317,0,0.204236006051437
2006,351,0.474,0.1334,0.0168,0.0977,0.0981,0.035,0,0.0020429009193054
2006,353,0.4537,0.157,0.0214,0.1093,0.1256,0.0472,0,0.0693912303107706
2007,11,0.4812,0.1672,0.02,0.1162,0.1285,0.045,0,0.0502656313853698
2007,18,0.4798,0.1673,0.0238,0.1116,0.1249,0.0439,0,0.0562367864693446
2007,45,0.4329,0.1294,0.0204,0.0944,0.1021,0.0404,0,0.0391857506361324
2007,61,0.5674,0.2358,0.0218,0.1062,0.1667,0.046,0,0.221692927812386
2007,80,0.4942,0.1846,0.0208,0.0675,0.1424,0.0482,0,0.356836588851834
2007,96,0.6759,0.3989,0.0255,0.0857,0.2793,0.054,0,0.53041095890411
2007,98,0.5883,0.3467,0.031,0.1062,0.2755,0.0714,0,0.443542048729369
2007,114,0.6236,0.3474,0.0261,0.0866,0.2563,0.0594,0,0.494896471274424
2007,144,0.6062,0.4072,0.0444,0.1248,0.3084,0.0756,0,0.42382271468144
2007,146,0.5731,0.3919,0.0424,0.1338,0.3376,0.0916,0,0.432329232074671
2007,167,0.6454,0.4037,0.0368,0.0865,0.2822,0.0608,0,0.530783835096284
2007,178,0.5733,0.3698,0.0368,0.0837,0.3149,0.0854,0,0.580030105368791
2007,194,0.6011,0.4058,0.0414,0.1113,0.3236,0.0806,0,0.488158197286733
2007,210,0.6592,0.4666,0.0408,0.102,0.3428,0.0704,0,0.54136690647482
2007,226,0.6943,0.5109,0.0349,0.1067,0.383,0.0691,0,0.564222993669594
2007,242,0.7175,0.5361,0.0344,0.0884,0.3886,0.0639,0,0.629350104821803
2007,258,0.7677,0.5926,0.0305,0.086,0.4111,0.054,0,0.653993160329913
2007,281,0.7793,0.5759,0.0284,0.0685,0.3823,0.0474,0,0.696095829636202
2007,297,0.7312,0.4368,0.0254,0.071,0.2789,0.0433,0,0.594169762789368
2007,306,0.6475,0.3426,0.0221,0.0704,0.2417,0.0517,0,0.548862544056392
2007,324,0.6355,0.3055,0.0185,0.0993,0.2141,0.0477,0,0.366305041480536
2007,345,0.5774,0.2389,0.0177,0.0889,0.1717,0.046,0,0.317728319263239
2007,354,0.5469,0.2156,0.0199,0.0883,0.1564,0.0458,0,0.278299959133633
2008,16,0.3825,0.1339,0.0229,0.0903,0.1245,0.0556,0,0.159217877094972
2008,30,0.3933,0.1202,0.0176,0.0681,0.1068,0.0465,0,0.221269296740995
2008,46,0.4389,0.1522,0.0221,0.1242,0.1249,0.0487,0,0.00281011641910882
2008,64,0.4708,0.2059,0.0287,0.1317,0.1701,0.0612,0,0.127236580516899
2008,69,0.4674,0.186,0.0223,0.1056,0.1546,0.0561,0,0.188316679477325
2008,94,0.5869,0.3359,0.0284,0.0962,0.2674,0.0696,0,0.470847084708471
2008,112,0.6412,0.4331,0.0348,0.0884,0.3362,0.0735,0,0.583608101742817
2008,126,0.6774,0.48,0.0364,0.1025,0.3542,0.0681,0,0.5511276549157
2008,142,0.6731,0.4726,0.0356,0.0849,0.3517,0.0687,0,0.61108566193312
2008,149,0.7117,0.5188,0.0339,0.0669,0.3735,0.0629,0,0.696185286103542
2008,165,0.6818,0.5475,0.0463,0.0851,0.4165,0.0788,0,0.660685805422648
2008,181,0.6879,0.5647,0.0497,0.0862,0.4182,0.0773,0,0.658207771609834
2008,197,0.7314,0.6029,0.0433,0.0772,0.4294,0.0666,0,0.695223055665219
2008,222,0.7694,0.6256,0.033,0.0731,0.4444,0.0579,0,0.717487922705314
2008,229,0.7592,0.6181,0.0383,0.0662,0.4268,0.0584,0,0.731440162271805
2008,245,0.7368,0.5777,0.0347,0.1017,0.4197,0.0636,0,0.609896432681243
2008,261,0.7408,0.5775,0.0371,0.0887,0.403,0.06,0,0.639210900955867
2008,284,0.6652,0.4548,0.0352,0.0846,0.3368,0.0677,0,0.598481252966303
2008,293,0.6128,0.4087,0.0356,0.0722,0.332,0.0797,0,0.642751113310242
2008,309,0.5122,0.2507,0.028,0.0813,0.2068,0.0667,0,0.435612634501909
2008,322,NA,NA,NA,NA,NA,NA,1,NA
2008,352,0.4547,0.1542,0.0204,0.1101,0.123,0.0461,0,0.0553410553410554
2008,361,0.4294,0.1629,0.0263,0.1058,0.1378,0.055,0,0.13136288998358
2009,16,0.3664,0.0921,0.0168,0.0759,0.0811,0.0376,0,0.0331210191082802
2009,32,0.352,0.0952,0.023,0.1175,0.0845,0.0405,0,-0.163366336633663
2009,41,0.3563,0.1115,0.0213,0.1191,0.106,0.0503,0,-0.0581963571745891
2009,55,0.4182,0.1046,0.019,0.09,0.0807,0.0331,0,-0.054481546572935
2009,71,0.4085,0.1289,0.0202,0.0684,0.1098,0.0461,0,0.232323232323232
2009,87,0.4497,0.1607,0.0268,0.1036,0.1254,0.0476,0,0.0951965065502183
2009,110,0.5037,0.2598,0.0318,0.1065,0.2197,0.0725,0,0.347026364193746
2009,117,0.5529,0.3108,0.0327,0.1137,0.2515,0.0724,0,0.377327491785323
2009,144,0.6038,0.4024,0.0428,0.113,0.3093,0.0764,0,0.46483542505328
2009,160,0.6215,0.4289,0.0379,0.1102,0.3462,0.0808,0,0.517090271691499
2009,176,0.6286,0.4473,0.0397,0.1051,0.3609,0.0823,0,0.54892703862661
2009,183,0.6397,0.4521,0.0405,0.1054,0.3487,0.0766,0,0.535785069367981
2009,199,0.6802,0.5019,0.0385,0.1059,0.3762,0.0716,0,0.560672059738644
2009,215,0.6294,0.4361,0.0358,0.0978,0.3544,0.0806,0,0.567448031844317
2009,231,0.6409,0.4682,0.0413,0.0996,0.3715,0.0813,0,0.57715983867544
2009,247,0.6683,0.4728,0.0308,0.1019,0.3763,0.0748,0,0.573818485989126
2009,263,0.6003,0.4178,0.0363,0.1044,0.3656,0.0913,0,0.555744680851064
2009,279,0.5937,0.41,0.0417,0.1139,0.3413,0.087,0,0.499560632688928
2009,295,0.5475,0.2789,0.0286,0.0876,0.2189,0.064,0,0.428384991843393
2009,311,0.4773,0.2241,0.0296,0.1254,0.1905,0.0674,0,0.206077872744539
2009,327,0.4185,0.1749,0.027,0.1038,0.1603,0.0657,0,0.213934115865203
2009,343,0.3655,0.1628,0.0348,0.1155,0.1668,0.0775,0,0.181721572794899
2009,357,0.3643,0.1211,0.0246,0.1281,0.1129,0.0526,0,-0.0630705394190872
2010,14,0.3536,0.131,0.0265,0.1262,0.1313,0.0627,0,0.0198058252427184
2010,30,0.338,0.1094,0.0198,0.1134,0.1124,0.0556,0,-0.00442869796279894
2010,46,0.4344,0.1872,0.0276,0.1335,0.1679,0.0662,0,0.11413404114134
2010,53,0.3883,0.1275,0.0216,0.0843,0.1144,0.0504,0,0.151484650226472
2010,72,0.4875,0.1801,0.0201,0.0865,0.1408,0.0485,0,0.238891333040035
2010,83,0.4842,0.2255,0.0275,0.1326,0.1914,0.0665,0,0.181481481481482
2010,106,0.5658,0.3089,0.0384,0.1416,0.2236,0.062,0,0.224534501642935
2010,124,0.6252,0.4098,0.042,0.1442,0.2966,0.0684,0,0.345735027223231
2010,133,0.6485,0.4672,0.0457,0.1446,0.3405,0.0726,0,0.403834260977118
2010,156,0.6269,0.4432,0.0424,0.1262,0.3459,0.0793,0,0.465367506884135
2010,170,0.631,0.4298,0.0381,0.1131,0.3333,0.0754,0,0.493279569892473
2010,186,0.6402,0.4656,0.0429,0.1148,0.3616,0.0793,0,0.518052057094878
2010,202,0.5275,0.3138,0.0448,0.1519,0.2509,0.0776,0,0.245779543197617
2010,218,0.4571,0.2173,0.0363,0.1674,0.1828,0.0681,0,0.0439748715019988
2010,234,0.39,0.1666,0.0353,0.1736,0.1536,0.0674,0,-0.0611246943765281
2010,255,0.4533,0.1994,0.041,0.1495,0.1518,0.0571,0,0.00763358778625962
2010,257,0.4136,0.1756,0.0375,0.175,0.1485,0.0616,0,-0.0819165378670788
2010,273,0.4283,0.194,0.0446,0.156,0.1539,0.0616,0,-0.0067763794772507
2010,298,0.4393,0.1391,0.0242,0.0491,0.1073,0.0418,0,0.372122762148338
2010,305,0.4902,0.132,0.0138,0.0529,0.0953,0.0326,0,0.286099865047234
2010,328,0.4894,0.0848,0.0033,0.0388,0.0598,0.0205,0,0.212981744421907
2010,350,0.4096,0.0529,0.0076,0.0398,0.0394,0.0165,0,-0.00505050505050502
2010,357,0.3595,0.0464,0.0086,0.0476,0.038,0.0179,0,-0.11214953271028
2011,4,0.2578,0.0235,0.009,0.0228,0.0239,0.0141,0,0.0235546038543897
2011,31,0.286,0.0276,0.0075,0.0267,0.0263,0.0146,0,-0.00754716981132077
2011,41,0.4534,0.085,0.0125,0.0635,0.0601,0.0226,0,-0.0275080906148867
2011,59,0.305,0.0275,0.0081,0.0319,0.0246,0.0131,0,-0.129203539823009
2011,70,0.2286,0.0301,0.0081,0.0225,0.036,0.0226,0,0.230769230769231
2011,89,0.424,0.0677,0.0104,0.0344,0.0497,0.0201,0,0.18192627824019
2011,105,0.4792,0.0687,0.0118,0.0343,0.0446,0.0157,0,0.130544993662864
2011,123,0.5254,0.1157,0.0133,0.0285,0.0749,0.0233,0,0.448742746615087
2011,143,0.428,0.1093,0.0235,0.0404,0.0799,0.032,0,0.328345802161263
2011,159,0.4573,0.0895,0.0259,0.0467,0.0564,0.021,0,0.0940834141610087
2011,166,0.4423,0.0787,0.0202,0.0314,0.0525,0.0203,0,0.251489868891538
2011,182,0.524,0.1546,0.0183,0.03,0.1047,0.0327,0,0.55456570155902
2011,207,0.5723,0.2114,0.0212,0.0489,0.1408,0.0383,0,0.484449130205588
2011,221,0.5973,0.2194,0.017,0.0383,0.1452,0.0366,0,0.582561307901907
2011,230,0.5859,0.1995,0.0209,0.0384,0.126,0.0329,0,0.532846715328467
2011,248,0.6002,0.2121,0.023,0.0426,0.1305,0.0326,0,0.507798960138648
2011,269,0.6962,0.2419,0.0174,0.0321,0.1357,0.0243,0,0.617401668653159
2011,285,0.6392,0.1407,0.0125,0.0195,0.0786,0.0173,0,0.602446483180428
2011,299,0.7725,0.2437,0.0119,0.0438,0.127,0.0163,0,0.48711943793911
2011,319,0.6273,0.1821,0.0172,0.042,0.1061,0.0243,0,0.432815665091155
2011,321,0.7041,0.2143,0.0137,0.0439,0.1181,0.0205,0,0.458024691358025
2011,337,0.7022,0.2559,0.017,0.0656,0.1452,0.0254,0,0.377609108159393
2011,356,0.5483,0.0925,0.0075,0.0348,0.0576,0.0168,0,0.246753246753247
2012,16,0.4427,0.0929,0.0104,0.055,0.0699,0.027,0,0.119295436349079
2012,18,0.3928,0.117,0.0167,0.0666,0.1037,0.0452,0,0.217850851438638
2012,39,0.3546,0.0492,0.0112,0.0337,0.0403,0.0192,0,0.0891891891891892
2012,64,0.3687,0.0834,0.0143,0.0555,0.0722,0.0333,0,0.130775254502741
2012,69,0.4184,0.1025,0.0136,0.0586,0.0822,0.0337,0,0.167613636363636
2012,92,0.5868,0.1796,0.0138,0.0462,0.116,0.0302,0,0.430332922318126
2012,110,0.6975,0.234,0.0113,0.048,0.1364,0.0243,0,0.47939262472885
2012,121,0.6516,0.1893,0.0096,0.0355,0.1138,0.024,0,0.524447421299397
2012,130,0.6503,0.2059,0.0121,0.0356,0.1246,0.0264,0,0.555555555555555
2012,146,0.6711,0.2468,0.0196,0.0463,0.1433,0.0282,0,0.511603375527426
2012,162,0.6711,0.2546,0.0147,0.0424,0.156,0.0307,0,0.57258064516129
2012,178,0.6656,0.2286,0.0153,0.0462,0.1355,0.0272,0,0.491469455145845
2012,203,0.6465,0.3014,0.0265,0.0568,0.1896,0.0407,0,0.538961038961039
2012,224,0.6673,0.2755,0.0162,0.0275,0.1734,0.0346,0,0.726231956197113
2012,240,0.681,0.2772,0.0135,0.0352,0.1739,0.033,0,0.663318986131038
2012,256,0.673,0.2983,0.0183,0.0347,0.1888,0.0369,0,0.689485458612975
2012,272,0.6493,0.2947,0.0259,0.0355,0.183,0.0389,0,0.675057208237986
2012,288,0.7266,0.2665,0.0147,0.026,0.1497,0.0237,0,0.704040978941377
2012,290,0.722,0.293,0.0155,0.0496,0.1704,0.0275,0,0.549090909090909
2012,318,0.7522,0.2823,0.0069,0.0399,0.1648,0.0233,0,0.610161211529067
2012,329,0.6616,0.1953,0.0091,0.0388,0.1169,0.0238,0,0.501605651894669
2012,345,0.5864,0.1539,0.0068,0.0514,0.1005,0.0262,0,0.323238973008558
2012,366,0.5442,0.1417,0.0142,0.0609,0.0925,0.0273,0,0.20599739243807
2013,4,0.5084,0.15,0.0148,0.0696,0.1074,0.035,0,0.213559322033898
2013,30,0.4536,0.1319,0.0151,0.0773,0.1035,0.0389,0,0.144911504424779
2013,48,0.3783,0.1087,0.0192,0.0786,0.096,0.0433,0,0.0996563573883161
2013,57,0.3582,0.0996,0.0174,0.0685,0.0925,0.0437,0,0.149068322981366
2013,80,0.4277,0.1273,0.0215,0.0744,0.1003,0.0402,0,0.148254149971379
2013,93,0.4907,0.1889,0.0242,0.0914,0.1446,0.0494,0,0.225423728813559
2013,105,0.5375,0.2041,0.0218,0.0641,0.1453,0.0437,0,0.387774594078319
2013,119,0.5782,0.2639,0.0307,0.0705,0.1774,0.0474,0,0.431222267043163
2013,144,0.5883,0.2663,0.0258,0.0532,0.1833,0.0475,0,0.550105708245243
2013,148,0.6203,0.2944,0.0231,0.0568,0.2019,0.0473,0,0.560881329725551
2013,162,0.567,0.2956,0.0338,0.0545,0.2157,0.0596,0,0.59659511472983
2013,189,0.6595,0.3091,0.0201,0.0508,0.2023,0.0415,0,0.598577637297511
2013,194,0.6499,0.2955,0.0199,0.0467,0.1937,0.0411,0,0.611480865224626
2013,219,0.6562,0.2951,0.0263,0.0461,0.1797,0.0373,0,0.591674047829938
2013,226,0.6605,0.3151,0.0193,0.0467,0.2094,0.0428,0,0.635298711440843
2013,242,0.6943,0.2959,0.0149,0.0365,0.1835,0.0331,0,0.668181818181818
2013,258,0.709,0.3212,0.0156,0.0382,0.1991,0.0339,0,0.678044669195112
2013,274,0.6683,0.3041,0.0196,0.0418,0.1942,0.0386,0,0.645762711864407
2013,290,0.6676,0.2764,0.0206,0.0404,0.1676,0.0334,0,0.611538461538461
2013,313,0.5947,0.2629,0.0267,0.0453,0.1751,0.0445,0,0.588929219600726
2013,329,0.6311,0.2281,0.0178,0.0535,0.1415,0.032,0,0.451282051282051
2013,338,0.5655,0.1761,0.013,0.0555,0.1189,0.033,0,0.363532110091743
2013,354,0.4812,0.1531,0.0164,0.0718,0.1168,0.0409,0,0.238600212089077
2014,14,0.3901,0.1255,0.021,0.0774,0.1117,0.049,0,0.181385510312004
2014,32,0.3664,0.1397,0.0255,0.0929,0.1391,0.0645,0,0.199137931034483
2014,34,NA,NA,NA,NA,NA,NA,1,NA
2014,53,0.3143,0.0971,0.0225,0.0886,0.1016,0.053,0,0.0683491062039959
2014,78,0.3888,0.1328,0.0184,0.0753,0.125,0.055,0,0.248127808287569
2014,83,0.4478,0.1514,0.0252,0.0724,0.1172,0.0447,0,0.236286919831224
2014,99,0.5411,0.1894,0.0193,0.061,0.132,0.0393,0,0.367875647668394
2014,121,0.5745,0.2776,0.0285,0.0855,0.1991,0.0538,0,0.399156711173577
2014,138,0.5934,0.2869,0.0262,0.0618,0.203,0.0518,0,0.533232628398792
2014,154,0.6028,0.2847,0.0268,0.0572,0.1941,0.0481,0,0.544767210505372
2014,170,0.6196,0.277,0.0228,0.0536,0.1844,0.0433,0,0.549579831932773
2014,190,0.5541,0.2708,0.0285,0.0592,0.2036,0.0584,0,0.549467275494673
2014,193,0.6206,0.3122,0.0282,0.0559,0.2115,0.0495,0,0.581899775617053
2014,213,0.4844,0.2214,0.0336,0.0783,0.1745,0.0606,0,0.380537974683544
2014,238,0.4635,0.1975,0.0294,0.0761,0.1618,0.0593,0,0.360235393022278
2014,243,0.539,0.223,0.0217,0.0613,0.1656,0.0496,0,0.459673865138828
2014,259,0.5137,0.2151,0.0279,0.0779,0.1594,0.0512,0,0.343447113358618
2014,275,0.466,0.1756,0.0279,0.0779,0.1348,0.0491,0,0.267512929007993
2014,300,0.4657,0.1691,0.0228,0.0668,0.1336,0.0487,0,0.333333333333333
2014,314,0.5138,0.1954,0.022,0.0803,0.1451,0.0466,0,0.287488908606921
2014,332,0.419,0.1066,0.0156,0.0751,0.085,0.0348,0,0.0618363522798251
2014,350,NA,NA,NA,NA,NA,NA,1,NA
2014,361,0.3763,0.12,0.0187,0.0927,0.1121,0.0508,0,0.0947265625
2015,13,0.3605,0.0976,0.0227,0.0802,0.0851,0.04,0,0.029643073200242
2015,28,0.3298,0.1119,0.0266,0.0977,0.1135,0.0572,0,0.074810606060606
2015,45,0.3802,0.1051,0.0227,0.0756,0.0882,0.0396,0,0.0769230769230769
2015,58,0.3782,0.1091,0.0149,0.089,0.1002,0.0452,0,0.0591966173361522
2015,77,0.4316,0.1252,0.0168,0.0751,0.101,0.0401,0,0.147075525269733
2015,86,0.4597,0.1552,0.0236,0.0781,0.1189,0.044,0,0.207106598984772
2015,99,0.4574,0.1933,0.0337,0.0786,0.1531,0.057,0,0.321536469572723
2015,125,0.4959,0.2245,0.036,0.0796,0.1674,0.0564,0,0.355465587044534
2015,132,0.5348,0.2258,0.0269,0.0592,0.163,0.0494,0,0.467146714671467
2015,157,0.5415,0.2491,0.031,0.0594,0.1799,0.0535,0,0.503552026744672
2015,163,0.5338,0.2375,0.034,0.0926,0.1655,0.0503,0,0.282448663308795
2015,189,0.6014,0.2914,0.0313,0.0622,0.1937,0.0482,0,0.513872606486909
2015,205,0.5996,0.2691,0.0278,0.0633,0.1774,0.0444,0,0.474034067303697
2015,223,0.558,0.2522,0.024,0.0546,0.1865,0.0529,0,0.547075902115305
2015,239,0.6329,0.2729,0.0209,0.0615,0.1775,0.0399,0,0.485355648535565
2015,246,0.6269,0.27,0.0254,0.0565,0.1701,0.039,0,0.501323918799647
2015,271,0.6078,0.2777,0.022,0.0492,0.1923,0.0469,0,0.592546583850932
2015,285,0.644,0.2847,0.0211,0.0582,0.1838,0.0398,0,0.51900826446281
2015,303,0.5946,0.2221,0.0173,0.0472,0.1483,0.0377,0,0.517135549872123
2015,310,0.6019,0.2233,0.018,0.0502,0.1461,0.0363,0,0.488537952114111
2015,335,0.5466,0.1651,0.0123,0.046,0.1143,0.0335,0,0.426076107298815
2015,349,0.5169,0.1729,0.0174,0.0642,0.1253,0.0399,0,0.322427440633245
2015,360,0.4372,0.1079,0.0112,0.0663,0.0853,0.0334,0,0.12532981530343
2016,15,NA,NA,NA,NA,NA,NA,1,NA
2016,32,0.3607,0.0965,0.0175,0.0813,0.0877,0.0412,0,0.0378698224852071
2016,39,0.4279,0.128,0.0176,0.0798,0.1046,0.0419,0,0.134490238611714
