"YR","DOY","bnd1.ref","bnd2.ref","bnd3.ref","bnd4.ref","bnd5.ref","bnd6.ref","bnd7.ref","LSWI1","LSWI2","NDVI","EVI"
2001,4,0.0503,0.2107,0.0253,0.0572,0.2326,0.2029,0.115,0.0188588007736944,0.293828676696346,0.61455938697318,0.303156303156303
2001,12,0.0526,0.2119,0.0245,0.0548,0.2358,0.2072,0.1188,0.0112145072774994,0.281524039915331,0.60226843100189,0.296372093023256
2001,20,0.0597,0.2137,0.0282,0.0592,0.2391,0.2187,0.1371,-0.011563367252544,0.218358038768529,0.563277249451353,0.283004998529844
2001,28,0.0547,0.2628,0.0256,0.0589,0.2727,0.227,0.132,0.0730910575745203,0.331306990881459,0.655433070866142,0.371872766261616
2001,36,0.0548,0.273,0.0258,0.068,0.2786,0.2244,0.1267,0.097708082026538,0.366024518388792,0.665649786455155,0.387346446069729
2001,44,0.0521,0.2752,0.0268,0.0623,0.2668,0.2016,0.1069,0.154362416107383,0.44046061240513,0.681637641307669,0.402184886068647
2001,52,0.0448,0.2955,0.019,0.0603,0.2731,0.189,0.0897,0.219814241486068,0.534267912772586,0.736702909197767,0.440814460542974
2001,60,0.045,0.3275,0.0217,0.0615,0.2966,0.2051,0.0978,0.229815996995869,0.540089348695039,0.758389261744967,0.492246035894755
2001,68,0.0443,0.3591,0.0219,0.0626,0.3141,0.2125,0.1008,0.256473058082575,0.561643835616438,0.780366881507189,0.538801218635539
2001,76,0.0404,0.375,0.0187,0.0606,0.3183,0.1951,0.0877,0.315558673916857,0.620920682947914,0.805488685604237,0.566293199742748
2001,84,0.0423,0.3501,0.0199,0.0613,0.3249,0.1812,0.0807,0.317899491812535,0.625348189415042,0.784403669724771,0.528993228611694
2001,92,0.0453,0.3616,0.0224,0.0652,0.324,0.1741,0.0846,0.350009333582229,0.620797848498431,0.777340869992627,0.539613757335881
2001,100,0.0549,0.3733,0.0303,0.0733,0.3085,0.1758,0.0791,0.359679475505372,0.650309460654288,0.743577767398412,0.539496424819547
2001,108,0.059,0.4079,0.0311,0.0741,0.3345,0.1862,0.0793,0.373169500084161,0.674466338259442,0.747269222531591,0.570601511137278
2001,116,0.0533,0.4369,0.0254,0.0728,0.3534,0.207,0.0906,0.357043019102345,0.656492890995261,0.782537739698082,0.612310049802069
2001,124,0.0624,0.4326,0.0312,0.0782,0.3635,0.2177,0.1005,0.330462863293864,0.622960045019696,0.747878787878788,0.58836617927527
2001,132,0.072,0.4262,0.0379,0.0836,0.3693,0.2253,0.1061,0.308365310821182,0.601352620702611,0.710959454034524,0.562597287080276
2001,140,0.0922,0.4264,0.0457,0.0944,0.3865,0.2435,0.1195,0.273025824749963,0.562190877450082,0.644427304280756,0.510431621712436
2001,148,0.1051,0.4278,0.0489,0.0985,0.3959,0.261,0.1338,0.242160278745645,0.523504273504274,0.605554513041846,0.476901250258623
2001,156,0.1113,0.4027,0.0489,0.0976,0.3823,0.2653,0.1396,0.205688622754491,0.485155817813019,0.56692607003891,0.427586206896552
2001,164,0.1132,0.3807,0.0516,0.0996,0.3699,0.2566,0.1367,0.194727757727915,0.471588712794743,0.541607612877101,0.399754916611872
2001,172,NA,NA,NA,NA,NA,NA,NA,NA,NA,NA,NA
2001,180,0.132,0.3713,0.0646,0.1123,0.3789,0.2869,0.1586,0.128228501975084,0.401396489903755,0.475461951122591,0.356355730283536
2001,188,0.1319,0.3712,0.0646,0.1122,0.3789,0.2869,0.1586,0.12809603403738,0.401283503208758,0.475650964023057,0.356504379953519
2001,196,0.1361,0.3941,0.0603,0.1129,0.4083,0.3118,0.1719,0.116588751947868,0.392579505300353,0.48660882685779,0.366800307088629
2001,204,0.1247,0.3845,0.0572,0.1063,0.4019,0.3038,0.1674,0.11724538718582,0.393368363834028,0.510212097407698,0.381229089628456
2001,212,0.1226,0.3821,0.0563,0.1046,0.4009,0.2977,0.1637,0.124154162989114,0.40014657383657,0.514166831781256,0.382641776519508
2001,220,0.1245,0.3762,0.0571,0.1045,0.3908,0.2943,0.1598,0.122147651006711,0.403731343283582,0.502696225284602,0.371249889377268
2001,228,0.1366,0.3709,0.06,0.1093,0.3942,0.3195,0.1743,0.074449594438007,0.360601614086574,0.461674876847291,0.336541223786268
2001,236,0.1385,0.3763,0.0601,0.1101,0.4173,0.3325,0.1829,0.0617945823927765,0.34585121602289,0.461926961926962,0.33844752497794
2001,244,0.1306,0.3781,0.059,0.1064,0.4112,0.3221,0.1763,0.0799771493858897,0.363997113997114,0.486534303125614,0.35990577012564
2001,252,0.1179,0.3661,0.0566,0.0994,0.3868,0.2966,0.1634,0.104874000301796,0.382813975448536,0.512809917355372,0.376288659793814
2001,260,0.1032,0.3468,0.0511,0.0894,0.3621,0.2742,0.1497,0.116908212560386,0.396978851963746,0.541333333333333,0.384773337545411
2001,268,0.0926,0.3006,0.0482,0.0808,0.3161,0.2395,0.1346,0.113127198666914,0.381433823529412,0.528992878942014,0.347895898842577
2001,276,0.0939,0.2775,0.0484,0.0817,0.3051,0.235,0.1336,0.0829268292682927,0.350036487472634,0.494345718901454,0.310575817037689
2001,284,0.1047,0.2865,0.0493,0.0847,0.3434,0.282,0.1637,0.00791556728232191,0.272767658818303,0.464723926380368,0.294184277808343
2001,292,0.1056,0.2827,0.0499,0.0894,0.3367,0.2881,0.1656,-0.00946040644709183,0.26120901182244,0.456090651558074,0.287117797736779
2001,300,0.0971,0.2244,0.046,0.0805,0.3028,0.2816,0.1672,-0.11304347826087,0.146067415730337,0.395956454121306,0.217681258549932
2001,308,0.0951,0.2174,0.0465,0.078,0.2906,0.273,0.1674,-0.113376835236542,0.12993762993763,0.39136,0.212437033177002
2001,316,0.0918,0.1805,0.0493,0.0794,0.229,0.2364,0.1558,-0.134084912449028,0.0734463276836159,0.325743665075285,0.162865851419338
2001,324,0.0609,0.1691,0.0307,0.0552,0.216,0.2132,0.1382,-0.115354433690819,0.100553205336804,0.470434782608696,0.207398888249952
2001,332,0.0587,0.172,0.0278,0.0541,0.2226,0.2137,0.1379,-0.108115115374643,0.110035495321071,0.491114000866927,0.215284639355476
2001,340,0.0594,0.1885,0.0317,0.0583,0.2346,0.2156,0.1313,-0.0670626082652809,0.178861788617886,0.520774505849133,0.246911219064377
2001,348,0.0581,0.1932,0.0314,0.0578,0.2383,0.2154,0.1266,-0.0543318649045521,0.208255159474672,0.537604456824513,0.258554696470948
2001,356,NA,NA,NA,NA,NA,NA,NA,NA,NA,NA,NA
2001,364,NA,NA,NA,NA,NA,NA,NA,NA,NA,NA,NA
2002,4,0.0403,0.1969,0.0206,0.0501,0.2079,0.1648,0.0822,0.0887475808681228,0.410963812253673,0.660202360876897,0.304859056221772
2002,12,0.0486,0.2079,0.023,0.0562,0.2262,0.1938,0.1095,0.0351008215085885,0.310018903591682,0.621052631578947,0.300113036925396
2002,20,0.0587,0.2057,0.0284,0.0603,0.2373,0.2094,0.1285,-0.00891351481570701,0.230999401555955,0.555975794251135,0.273254517064466
2002,28,0.064,0.2192,0.0343,0.0648,0.2559,0.2135,0.1341,0.013173099144904,0.240871780356637,0.548022598870057,0.288272224079646
2002,36,0.0543,0.2245,0.0251,0.0577,0.2493,0.2078,0.1212,0.0386305806153134,0.298814000578536,0.610473457675753,0.312396754891524
2002,44,0.0562,0.2568,0.0255,0.0644,0.2601,0.2067,0.1125,0.108090614886731,0.390739236393176,0.640894568690096,0.357512029941187
2002,52,0.0484,0.3118,0.0199,0.0621,0.2932,0.2152,0.1095,0.183301707779886,0.480180394018514,0.731260410882843,0.453215871158677
2002,60,0.0465,0.3261,0.0209,0.0599,0.3034,0.2219,0.1123,0.19014598540146,0.487682481751825,0.750402576489533,0.482618151689854
2002,68,0.0456,0.3262,0.0202,0.0631,0.3036,0.196,0.0913,0.249329758713137,0.562634730538922,0.754706831629908,0.484360974936132
2002,76,0.0451,0.352,0.0209,0.0639,0.3207,0.2029,0.0941,0.26869706253379,0.578121497422103,0.772853185595568,0.523416447794795
2002,84,0.0417,0.3782,0.0187,0.0615,0.3301,0.2023,0.0916,0.303014642549526,0.610046828437633,0.801381281257442,0.565299196989551
2002,92,0.0405,0.3872,0.0184,0.0612,0.3284,0.1972,0.0855,0.325119780971937,0.638248360482335,0.810614916997896,0.580853772952687
2002,100,0.0435,0.3921,0.0207,0.0654,0.33,0.1974,0.0848,0.330279898218829,0.64436988886559,0.800275482093664,0.581833962012217
2002,108,0.047,0.3975,0.0228,0.0687,0.3385,0.2009,0.0869,0.328542780748663,0.641205615194054,0.788526434195726,0.580875041431886
2002,116,0.0612,0.4156,0.0311,0.074,0.3505,0.2117,0.0946,0.325043838673681,0.629165033320267,0.743288590604027,0.571778903552644
2002,124,0.0666,0.4251,0.034,0.0797,0.361,0.2193,0.1021,0.319366852886406,0.612670713201821,0.729103111653447,0.570968974963369
2002,132,0.0719,0.4025,0.0376,0.0829,0.3448,0.213,0.103,0.307879772542648,0.592482690405539,0.696880269814502,0.532572975062826
2002,140,0.0849,0.3883,0.0426,0.0888,0.3416,0.2278,0.1147,0.260509657523129,0.543936381709742,0.64116652578191,0.480610822455962
2002,148,0.0961,0.4071,0.0426,0.0938,0.3767,0.2513,0.1284,0.236634264884569,0.520448179271709,0.618044515103339,0.467191443336137
2002,156,0.1069,0.4144,0.046,0.0987,0.3952,0.2641,0.1371,0.221518054532056,0.502810516772439,0.589871475158258,0.44935118073416
2002,164,0.1202,0.387,0.053,0.1069,0.3763,0.2641,0.1373,0.188757487329135,0.476254053023078,0.52602523659306,0.389898871806863
2002,172,0.13,0.3611,0.0585,0.1116,0.3678,0.2722,0.156,0.140375809253119,0.39663508025527,0.470576257381389,0.33938379299204
2002,180,0.1426,0.3898,0.0638,0.1175,0.3992,0.2923,0.167,0.142940917753995,0.40014367816092,0.464312546957175,0.349765125360801
2002,188,0.1488,0.3934,0.0657,0.1209,0.4144,0.2941,0.1764,0.144436363636364,0.380835380835381,0.451125046108447,0.340962948507067
2002,196,0.1412,0.3843,0.0621,0.1152,0.4083,0.275,0.1732,0.165781889883209,0.378654708520179,0.462607040913416,0.344188022086932
2002,204,0.1308,0.3725,0.0593,0.1086,0.3924,0.2727,0.166,0.154680719156851,0.38347260909935,0.480230478839658,0.352836413535371
2002,212,0.1296,0.3532,0.0622,0.1086,0.3925,0.2969,0.1746,0.0866020612213506,0.338385752178856,0.463131731565866,0.335876945262272
2002,220,0.1303,0.3462,0.0638,0.1092,0.3863,0.2897,0.1753,0.0888504481836767,0.327708533077661,0.453095487932844,0.327220369809033
2002,228,0.1251,0.358,0.058,0.1039,0.3895,0.275,0.1749,0.131121642969984,0.343591668230437,0.482094804388325,0.347902724665392
2002,236,0.1266,0.3527,0.0574,0.1042,0.3977,0.2873,0.1843,0.1021875,0.313594040968343,0.471729605674943,0.336098228088952
2002,244,0.1327,0.3521,0.06,0.1074,0.3975,0.2984,0.1839,0.0825518831667948,0.313805970149254,0.452557755775578,0.322970028852382
2002,252,0.1281,0.3577,0.0584,0.1052,0.3823,0.2631,0.1689,0.152384020618557,0.358526395746297,0.472622478386167,0.339986969140556
2002,260,0.1188,0.3466,0.0551,0.0992,0.3748,0.2506,0.1614,0.160750167448091,0.364566929133858,0.489471422432316,0.345958752240075
2002,268,0.1099,0.3328,0.0521,0.0928,0.3879,0.2622,0.1705,0.118655462184874,0.32247168686668,0.503501242376327,0.34796590589778
2002,276,0.1109,0.3248,0.0527,0.0922,0.3828,0.2721,0.1742,0.0882894957279277,0.301803607214429,0.490934128987836,0.335276967930029
2002,284,0.1091,0.3074,0.0535,0.0908,0.3602,0.2537,0.1648,0.09570486544288,0.301990681914443,0.476110444177671,0.317635752042287
2002,292,0.1072,0.2951,0.0527,0.0886,0.3248,0.2509,0.1569,0.080952380952381,0.30575221238938,0.467064379816058,0.30442953890023
2002,300,0.1042,0.2768,0.0501,0.0843,0.2778,0.2685,0.1516,0.0152209792774619,0.292250233426704,0.453018372703412,0.282719082719083
2002,308,0.1005,0.2508,0.0515,0.0828,0.2695,0.2905,0.1443,-0.0733419545538518,0.269552012148823,0.427839453458582,0.256038976525502
2002,316,0.093,0.2189,0.0469,0.0837,0.2424,0.2019,0.1599,0.0403992395437263,0.155755015839493,0.403655017633857,0.220853945198751
2002,324,0.0734,0.1872,0.0376,0.0667,0.2248,0.2125,0.1508,-0.0632974731048287,0.107692307692308,0.436684574059862,0.211429845422116
2002,332,0.0723,0.1882,0.0372,0.0651,0.2316,0.2204,0.1572,-0.0788056779246207,0.0897510133178923,0.444913627639155,0.215748324646314
2002,340,0.0682,0.1797,0.0279,0.061,0.2314,0.2169,0.1523,-0.0937972768532527,0.0825301204819276,0.449778136345301,0.202043996665821
2002,348,0.0559,0.1536,0.0258,0.0559,0.1931,0.1766,0.0996,-0.0696547546941247,0.213270142180095,0.466348448687351,0.188537244307217
2002,356,0.0564,0.1647,0.0271,0.0564,0.1998,0.172,0.0999,-0.0216810216810217,0.244897959183674,0.489823609226594,0.208293264607455
2002,364,0.0575,0.2019,0.0295,0.0599,0.223,0.1499,0.107,0.147811256395679,0.307219164778245,0.556669236700077,0.2723192396183
2003,4,0.0584,0.2058,0.0293,0.0626,0.2319,0.142,0.1159,0.183438757906843,0.279452906434566,0.557910673732021,0.275730480002993
2003,12,NA,NA,NA,NA,NA,NA,NA,NA,NA,NA,NA
2003,20,NA,NA,NA,NA,NA,NA,NA,NA,NA,NA,NA
2003,28,0.0443,0.2538,0.0198,0.0561,0.2476,0.189,0.1079,0.146341463414634,0.403372961017418,0.702784300570278,0.381992560717672
2003,36,0.0458,0.2689,0.0192,0.0574,0.2413,0.195,0.0948,0.159301573615003,0.478691229034919,0.708929138862409,0.398478245338287
2003,44,0.0497,0.2831,0.0244,0.0634,0.2729,0.1802,0.0832,0.22210230951867,0.545727545727546,0.701322115384615,0.417292426517915
2003,52,0.0469,0.2975,0.0206,0.0611,0.2811,0.1851,0.0974,0.232905097389142,0.506710559635351,0.727642276422764,0.439834316203314
2003,60,0.051,0.3183,0.0228,0.0652,0.3005,0.1974,0.1046,0.234438627108784,0.505320406715536,0.723801787164907,0.459815592100736
2003,68,0.048,0.3406,0.021,0.0652,0.3148,0.1971,0.0989,0.266877440952204,0.549943117178612,0.75295934122491,0.497246958058596
2003,76,0.0423,0.364,0.0181,0.0632,0.324,0.1775,0.087,0.344413665743306,0.614190687361419,0.791779473295594,0.542660504031578
2003,84,0.0461,0.3761,0.0254,0.067,0.3199,0.1572,0.0802,0.410463153947122,0.64847687924611,0.781620085267646,0.564218301189988
2003,92,0.0455,0.3989,0.025,0.0662,0.3128,0.1487,0.0796,0.456902848794741,0.667293625914316,0.795229522952295,0.595189975747777
2003,100,0.0431,0.4107,0.0188,0.0635,0.3268,0.154,0.0832,0.45457765185054,0.663089694270095,0.810048479506391,0.601321730026827
2003,108,0.0509,0.3941,0.0206,0.0669,0.3267,0.2024,0.0819,0.321374685666387,0.655882352941177,0.77123595505618,0.555339805825243
2003,116,0.054,0.3836,0.0284,0.0719,0.3339,0.2068,0.0868,0.299457994579946,0.630952380952381,0.753199268738574,0.55131807841563
2003,124,0.0626,0.3837,0.0281,0.0738,0.3384,0.204,0.0967,0.305768249106687,0.597418817651957,0.71947120770782,0.518388169577992
2003,132,0.0704,0.3836,0.0308,0.0781,0.3522,0.1929,0.1079,0.330789245446661,0.560935910478128,0.689867841409692,0.497142857142857
2003,140,0.0831,0.3734,0.0379,0.085,0.3608,0.2261,0.12,0.245704753961635,0.513579246047831,0.63592552026287,0.457093371122658
2003,148,0.0947,0.3766,0.0427,0.0911,0.3744,0.2428,0.1314,0.216015498869874,0.482677165354331,0.598132824103543,0.433812440368102
2003,156,0.1083,0.3747,0.0489,0.0975,0.3794,0.2404,0.1444,0.218338481547716,0.443652475438259,0.551552795031056,0.40174935907103
2003,164,0.1166,0.3749,0.0542,0.1023,0.3727,0.2593,0.1503,0.182276884263639,0.427646610814928,0.525534079348932,0.387140287769784
2003,172,0.1281,0.3872,0.0581,0.1087,0.4021,0.262,0.1658,0.192852741836106,0.400361663652803,0.502813894818552,0.376587889886922
2003,180,0.1401,0.4021,0.0624,0.1164,0.4318,0.2759,0.1806,0.186135693215339,0.380126995023168,0.483216525267429,0.369076463627655
2003,188,0.1451,0.4129,0.0646,0.1208,0.4364,0.2899,0.1833,0.175014228799089,0.385105669238511,0.479928315412186,0.372151195108394
2003,196,0.1378,0.4197,0.0638,0.118,0.4236,0.2882,0.1741,0.185760700663936,0.413607275176827,0.505650224215247,0.398614253393665
2003,204,0.1313,0.4207,0.0633,0.1152,0.4185,0.2905,0.166,0.183070866141732,0.434123061189705,0.524275362318841,0.417303532804614
2003,212,0.1378,0.417,0.0616,0.1162,0.427,0.3164,0.1704,0.137169348241069,0.419816138917263,0.503244412400865,0.391738691211135
2003,220,0.1269,0.4079,0.057,0.1097,0.42,0.2645,0.1666,0.213265913146936,0.420017406440383,0.525430067314884,0.403318406246412
2003,228,0.1124,0.4008,0.0527,0.1018,0.4054,0.2302,0.1594,0.270364500792393,0.430917529453767,0.561964146531567,0.429179439864282
2003,236,0.1041,0.3776,0.052,0.0973,0.3714,0.2621,0.152,0.180553384398937,0.425981873111782,0.567780776416857,0.424109911921598
2003,244,0.1042,0.355,0.0525,0.0961,0.3534,0.2478,0.1508,0.177836761778368,0.40371688414393,0.54616724738676,0.395222036622648
2003,252,0.112,0.3511,0.0534,0.098,0.3633,0.2489,0.1591,0.170333333333333,0.376323010584085,0.516303174260419,0.368390237889807
2003,260,0.1101,0.3418,0.0531,0.0964,0.3676,0.273,0.1581,0.111906310995446,0.36747349469894,0.512724053994246,0.361094660723748
2003,268,0.1045,0.3265,0.0521,0.0912,0.3632,0.2616,0.1558,0.1103553817378,0.353929089778146,0.51508120649652,0.355143177091665
2003,276,0.0989,0.3084,0.0478,0.085,0.3408,0.2424,0.1513,0.119825708061002,0.341744616053948,0.514362877485883,0.339370180781442
2003,284,0.0968,0.2972,0.0462,0.083,0.335,0.2432,0.1496,0.0999259807549963,0.33034914950761,0.508629441624366,0.327130264446621
2003,292,0.103,0.2954,0.0491,0.0865,0.3487,0.2536,0.1629,0.0761384335154827,0.289111935413485,0.482931726907631,0.311296637866874
2003,300,0.1025,0.2848,0.0479,0.0846,0.3406,0.2579,0.1656,0.0495669799152386,0.264653641207815,0.470694552026853,0.295835902762001
2003,308,0.0889,0.2106,0.0431,0.0729,0.2807,0.2389,0.1501,-0.0629588431590656,0.167729415026338,0.406343906510851,0.214147457328876
2003,316,0.0763,0.1792,0.0361,0.0633,0.2418,0.2352,0.1613,-0.135135135135135,0.0525697503671072,0.402739726027397,0.188289112534309
2003,324,0.0779,0.1837,0.0357,0.0626,0.2396,0.2305,0.1711,-0.112988894253984,0.0355129650507328,0.404434250764526,0.191202515632342
2003,332,0.0718,0.1765,0.0319,0.0606,0.2129,0.1989,0.15,-0.0596696856686201,0.0811638591117918,0.421667337897704,0.191330726216147
2003,340,0.0566,0.166,0.0291,0.0539,0.2157,0.1959,0.1361,-0.0826195081514231,0.0989738497186362,0.491464510332435,0.212451936147901
2003,348,0.0525,0.1817,0.0247,0.053,0.2213,0.2028,0.1305,-0.0548764629388817,0.163997437540038,0.551665243381725,0.246292271912768
2003,356,0.0468,0.1746,0.0214,0.0507,0.1765,0.1457,0.1101,0.0902279113331252,0.226554267650158,0.577235772357723,0.246737199783767
2003,364,0.0468,0.165,0.023,0.0497,0.2018,0.1354,0.1056,0.0985352862849534,0.219512195121951,0.558073654390935,0.232074138066442
2004,4,0.0458,0.1555,0.0238,0.0475,0.1833,0.1366,0.1011,0.0647038685381719,0.212003117692907,0.544957774465971,0.219084518293657
2004,12,0.0507,0.1909,0.0249,0.0574,0.2013,0.1745,0.0983,0.0448823207443897,0.320193637621024,0.580298013245033,0.267894676500936
2004,20,0.0493,0.199,0.0242,0.0569,0.2221,0.1728,0.103,0.0704679935449166,0.317880794701987,0.602899718082964,0.284969161653849
2004,28,0.0477,0.2271,0.0223,0.0595,0.2499,0.1944,0.105,0.0775800711743772,0.367660343270099,0.652838427947598,0.33319713235021
2004,36,0.0514,0.2468,0.0219,0.0612,0.269,0.1811,0.115,0.153540546856742,0.364289662797126,0.655264922870557,0.351198820949711
2004,44,0.0488,0.2626,0.0225,0.0598,0.2754,0.1661,0.1087,0.225099136925589,0.414489631026124,0.686576750160565,0.385461363718314
2004,52,0.0455,0.2898,0.0231,0.0639,0.2713,0.1753,0.075,0.246183616426575,0.588815789473684,0.728601252609603,0.439530783347127
2004,60,0.0447,0.3207,0.0206,0.0639,0.2957,0.1939,0.0872,0.24640497473766,0.572444226526109,0.755336617405583,0.481037367540435
2004,68,0.0424,0.3485,0.02,0.0627,0.3085,0.1718,0.0871,0.339611762444743,0.600091827364555,0.783064722435405,0.526705210269117
2004,76,0.041,0.3735,0.0202,0.0624,0.3246,0.1643,0.0822,0.388992190405355,0.639236339697169,0.802171290711701,0.56624659400545
2004,84,0.0426,0.3888,0.0198,0.0635,0.3272,0.1697,0.0787,0.392300805729633,0.66331550802139,0.802503477051461,0.578581455979678
2004,92,0.0535,0.4014,0.0267,0.0755,0.324,0.1795,0.0808,0.381993458426579,0.664869348817918,0.764783468894263,0.571395723154748
2004,100,0.0605,0.4,0.0298,0.0812,0.3371,0.1889,0.0863,0.358464934623875,0.645075056549455,0.737242128121607,0.551315362130562
2004,108,0.0545,0.3847,0.0271,0.0674,0.3389,0.1821,0.0904,0.357445306986591,0.619448537150074,0.751821493624772,0.54725048891246
2004,116,0.0592,0.3891,0.0286,0.0706,0.3441,0.1932,0.0948,0.336424523441525,0.608183508989461,0.735891144322998,0.539122761145248
2004,124,0.0734,0.4069,0.0347,0.081,0.3536,0.2133,0.1029,0.312157368590777,0.596312279325226,0.694357693108474,0.525345767304118
2004,132,0.0859,0.4111,0.0409,0.0887,0.3635,0.2015,0.1122,0.342148220698661,0.571182877890312,0.654325955734407,0.501929310078716
2004,140,0.0943,0.4017,0.044,0.0923,0.3688,0.2142,0.1196,0.304432537749635,0.541147132169576,0.619758064516129,0.469312977099237
2004,148,0.0999,0.4044,0.0457,0.0946,0.3678,0.2514,0.1276,0.233302836230558,0.520300751879699,0.603807257584771,0.458294452304265
2004,156,0.1118,0.4053,0.0532,0.1019,0.3804,0.2287,0.1383,0.278548895899054,0.491169977924945,0.567588474182943,0.437511180013118
2004,164,0.1294,0.411,0.0603,0.1118,0.3985,0.2386,0.1536,0.265394088669951,0.455897980871413,0.521095484826055,0.405728611359248
2004,172,0.1363,0.4177,0.0613,0.1148,0.4163,0.2848,0.1662,0.189181494661922,0.430724439116287,0.507942238267148,0.39617063212727
2004,180,0.1348,0.4066,0.0608,0.1137,0.4192,0.2927,0.1723,0.162877162877163,0.404733114527552,0.502031769486517,0.386211208366489
2004,188,0.1289,0.3824,0.0575,0.1089,0.3986,0.272,0.1652,0.168704156479218,0.39663988312637,0.495795032270683,0.367487170566235
2004,196,0.1223,0.3886,0.0529,0.1044,0.4053,0.2896,0.1636,0.145974638749631,0.407461064831583,0.521237032687414,0.385796656332396
2004,204,0.1186,0.3924,0.0528,0.1033,0.4002,0.287,0.1589,0.155136885487195,0.423544349718846,0.535812133072407,0.40076112412178
2004,212,0.1122,0.3845,0.0513,0.0997,0.3739,0.2732,0.1526,0.169226090922913,0.431763172593558,0.548218240386551,0.406915926955378
2004,220,0.103,0.3697,0.0475,0.0932,0.373,0.254,0.1529,0.185505852172519,0.414848832759281,0.564205627247726,0.408685525146342
2004,228,0.0999,0.3634,0.0469,0.0909,0.3761,0.2331,0.1492,0.218440905280805,0.417869683964105,0.568745952946255,0.40889482014835
2004,236,0.1038,0.3771,0.0477,0.0926,0.3793,0.2557,0.1519,0.191845764854614,0.425708884688091,0.568309419837804,0.416070395518071
2004,244,0.1032,0.3685,0.0478,0.0921,0.374,0.2489,0.1512,0.193715581470683,0.418125841831826,0.562433750264999,0.407101644979131
2004,252,0.0999,0.3653,0.0468,0.09,0.3678,0.2287,0.1468,0.22996632996633,0.426674477641086,0.570507308684437,0.411166883559522
2004,260,0.0916,0.3509,0.0436,0.0832,0.3761,0.2244,0.1463,0.219885277246654,0.411504424778761,0.585988700564972,0.411979663171274
2004,268,0.0941,0.3395,0.047,0.0832,0.3799,0.2343,0.1533,0.183339142558383,0.377840909090909,0.565959409594096,0.395398298530549
2004,276,0.1001,0.336,0.0489,0.0872,0.3801,0.2213,0.1548,0.205813744841199,0.36919315403423,0.540930979133226,0.375672834984234
2004,284,0.0968,0.309,0.0433,0.0876,0.3331,0.207,0.142,0.197674418604651,0.370288248337029,0.522917693445047,0.338966806172327
2004,292,0.0892,0.2476,0.0433,0.0733,0.2822,0.1986,0.1412,0.109816225907665,0.273662551440329,0.470308788598575,0.27159562429272
2004,300,0.0739,0.2143,0.0375,0.0699,0.2556,0.1874,0.1394,0.0669653970624844,0.211761379700311,0.487161693268564,0.255003814159614
2004,308,0.0591,0.1966,0.027,0.0559,0.2398,0.1723,0.1243,0.0658715098942803,0.225303832969772,0.537739538521705,0.254875064877289
2004,316,0.0492,0.1923,0.0227,0.0499,0.2323,0.1769,0.1269,0.0417118093174431,0.204887218045113,0.592546583850932,0.271588536724236
2004,324,0.0507,0.1919,0.0246,0.0518,0.2458,0.1805,0.1363,0.0306122448979592,0.169408897014016,0.582028029678483,0.269136931991461
2004,332,0.0571,0.2029,0.0278,0.0542,0.2544,0.211,0.1384,-0.019569944431022,0.188983299150308,0.560769230769231,0.272625280478684
2004,340,0.0664,0.217,0.031,0.0633,0.2554,0.2307,0.1399,-0.030600848782667,0.216026898290838,0.531404375441073,0.272253959071516
2004,348,0.0593,0.2025,0.0306,0.0623,0.2407,0.177,0.1343,0.067193675889328,0.20249406175772,0.54698242933537,0.269416014449127
2004,356,0.0487,0.1909,0.0255,0.0543,0.2099,0.1658,0.1138,0.0703672553966919,0.253035772891369,0.593489148580968,0.275186747687425
2004,364,0.0371,0.1789,0.0207,0.0456,0.1858,0.1384,0.0648,0.127639457926253,0.468198604842019,0.656481481481482,0.284453360080241
2005,4,0.0382,0.1726,0.0238,0.0471,0.1473,0.1419,0.062,0.0976152623211447,0.471440750213129,0.637571157495256,0.274666884656258
2005,12,NA,0.1785,NA,NA,0.1639,0.1418,0.0627,0.114580081173899,0.480099502487562,NA,NA
2005,20,0.0409,0.2515,0.019,0.0543,0.2378,0.1795,0.0911,0.167053364269141,0.468184471687099,0.720246238030096,0.388733018310691
2005,28,0.0483,0.2559,0.0223,0.0623,0.2543,0.1605,0.0935,0.229106628242075,0.464796794504865,0.682445759368836,0.376509848017701
2005,36,0.0525,0.2612,0.0268,0.0662,0.2534,0.1668,0.0982,0.220560747663551,0.45353366722315,0.665285304430985,0.379399360093077
2005,44,0.0412,0.3123,0.0218,0.0586,0.2846,0.1816,0.0788,0.264628467301073,0.597034006647916,0.766902404526167,0.485494269340974
2005,52,0.0373,0.2974,0.0148,0.0596,0.2765,0.1492,0.0743,0.331840573219884,0.600215227333871,0.777113833283537,0.461104807828677
2005,60,0.0359,0.3401,0.0167,0.0602,0.2923,0.1422,0.0654,0.410325523533071,0.677435265104809,0.809042553191489,0.531725222863136
2005,68,0.036,0.3482,0.0177,0.0625,0.2985,0.1443,0.0694,0.414010152284264,0.667624521072797,0.812597605413847,0.545251318593035
2005,76,0.0397,0.3383,0.0248,0.069,0.2956,0.1497,0.0681,0.386475409836066,0.664862204724409,0.78994708994709,0.53685724559511
2005,84,0.0373,0.3677,0.0189,0.0621,0.3054,0.1426,0.0659,0.4411130707427,0.696033210332103,0.815802469135802,0.569753405759614
2005,92,0.0427,0.3974,0.0193,0.0623,0.3138,0.145,0.0734,0.465339233038348,0.688190314358539,0.80595319245626,0.587699241143918
2005,100,0.0456,0.4074,0.0203,0.064,0.3338,0.1599,0.078,0.436277102062401,0.678615574783684,0.798675496688742,0.591659852820932
2005,108,0.0471,0.4151,0.021,0.0649,0.3367,0.1836,0.0799,0.38667112076165,0.677171717171717,0.796192124621376,0.597325022724321
2005,116,0.0485,0.4008,0.0205,0.0643,0.325,0.1839,0.0828,0.370959466393022,0.6575682382134,0.78410861339862,0.57264068138227
2005,124,0.0536,0.3943,0.0218,0.0682,0.3311,0.1923,0.0867,0.34435731333106,0.63950103950104,0.760660861799509,0.54866658077815
2005,132,0.0612,0.3778,0.0256,0.0724,0.3441,0.1937,0.0982,0.322134733158355,0.587394957983193,0.721184510250569,0.509658725048294
2005,140,0.0734,0.368,0.0312,0.078,0.3612,0.2099,0.1125,0.273576743381208,0.531737773152966,0.667421839601269,0.467797256097561
2005,148,0.084,0.3675,0.0359,0.0832,0.3771,0.2333,0.1211,0.223368841544607,0.504297994269341,0.627906976744186,0.442346699953191
2005,156,0.0942,0.3635,0.0401,0.0874,0.3761,0.2202,0.1291,0.245502826794586,0.475842468534308,0.588376665938388,0.413556927424061
2005,164,0.1037,0.3603,0.0447,0.0926,0.3698,0.2103,0.144,0.262881177707676,0.428911362284355,0.55301724137931,0.389436940355137
2005,172,0.1155,0.3662,0.0504,0.0996,0.3906,0.2761,0.1626,0.140277129067414,0.385022692889561,0.520448411874611,0.372799191054009
2005,180,0.1281,0.3825,0.0552,0.1078,0.4056,0.2912,0.1735,0.135520261243877,0.37589928057554,0.498237367802585,0.366127453802314
2005,188,0.1329,0.4011,0.0592,0.1132,0.4102,0.2717,0.1716,0.192330558858502,0.400733368255631,0.502247191011236,0.382160159589627
2005,196,0.132,0.4093,0.0606,0.1135,0.4273,0.2965,0.1718,0.159818645508643,0.408707623472724,0.512285239238869,0.396868559651935
2005,204,0.1273,0.4159,0.0587,0.1113,0.4374,0.2809,0.1731,0.193742824339839,0.412224108658744,0.531296023564065,0.414786283020495
2005,212,0.1201,0.4193,0.0568,0.1084,0.4201,0.2728,0.1633,0.21167461349516,0.439409543426021,0.554690396737115,0.43643153042768
2005,220,0.1203,0.3962,0.0576,0.1072,0.3982,0.2447,0.1543,0.236386331721017,0.439418710263397,0.534172313649564,0.409104389086595
2005,228,0.1137,0.3761,0.0537,0.1009,0.3892,0.2388,0.15,0.223288339567409,0.429766204143699,0.535728868926092,0.396242940412552
2005,236,0.1015,0.3682,0.048,0.0928,0.3896,0.2711,0.1484,0.151884874081026,0.425474254742547,0.567809239940388,0.412286668315607
2005,244,0.0976,0.3644,0.047,0.0905,0.3782,0.2579,0.1408,0.17113932187048,0.442596991290578,0.577489177489177,0.417527386541471
2005,252,0.0933,0.358,0.045,0.0861,0.3601,0.2158,0.1377,0.247821540606483,0.444422029453298,0.586527808553069,0.418749604505474
2005,260,0.0886,0.3518,0.0424,0.0811,0.3543,0.203,0.139,0.268204758471521,0.433577832110839,0.59763851044505,0.420339849239811
2005,268,0.0884,0.3363,0.0422,0.0798,0.3647,0.2262,0.1424,0.195733333333333,0.40505535826196,0.583706145514481,0.399787124242033
2005,276,0.0931,0.3277,0.0446,0.0822,0.3698,0.249,0.1478,0.13646610022542,0.378338590956887,0.557509505703422,0.377948189199639
2005,284,0.0923,0.3153,0.0456,0.0812,0.3536,0.2427,0.1458,0.13010752688172,0.367599219258295,0.547105004906771,0.36507104970205
2005,292,0.0867,0.2866,0.0451,0.077,0.3302,0.2458,0.1404,0.0766341096919609,0.342388758782201,0.535494240557193,0.340301658098124
2005,300,0.0847,0.2739,0.044,0.0745,0.3154,0.2558,0.1372,0.0341702850670191,0.332522500608125,0.52760736196319,0.325735142207837
2005,308,0.0983,0.2729,0.0476,0.0829,0.2819,0.2088,0.1522,0.133070375752543,0.283933192190073,0.470366379310345,0.289898386132696
2005,316,0.0938,0.2526,0.0447,0.0775,0.3206,0.2729,0.1666,-0.0386298763082779,0.205152671755725,0.458429561200924,0.268216059183191
2005,324,0.0888,0.2386,0.0405,0.0714,0.313,0.2707,0.1649,-0.0630276850579226,0.182651796778191,0.457544288332315,0.255169829318979
2005,332,0.0888,0.2083,0.0398,0.07,0.2825,0.2116,0.1623,-0.00785901405096451,0.124123043712898,0.402221474251094,0.207091362817136
2005,340,0.0914,0.1985,0.0424,0.0721,0.2696,0.2072,0.1669,-0.0214444170569387,0.0864805692391899,0.369437737150742,0.187381902162503
2005,348,0.0906,0.1817,0.0439,0.0716,0.2453,NA,0.1608,NA,0.061021897810219,0.334557473374954,0.163138856058164
2005,356,NA,NA,NA,NA,NA,NA,NA,NA,NA,NA,NA
2005,364,0.051,0.1631,0.027,0.0554,0.193,0.157,0.1078,0.0190565448297407,0.204134366925065,0.523587108827651,0.221261645349755
2006,4,0.052,0.1651,0.0275,0.0554,0.1977,0.1723,0.1151,-0.021339656194428,0.178443968593861,0.520958083832335,0.222488885391667
2006,12,0.0516,0.181,0.0238,0.0534,0.2113,0.1712,0.1103,0.0278250993753549,0.242705115001716,0.556319862424764,0.246551329929121
2006,20,0.0518,0.1957,0.0236,0.0554,0.2318,0.1803,0.1103,0.0409574468085106,0.279084967320261,0.581414141414141,0.270590447536668
2006,28,0.0488,0.2274,0.022,0.0565,0.2498,0.1707,0.1102,0.142426525998493,0.347156398104265,0.646632874728458,0.329471664698937
2006,36,0.0476,0.2493,0.0216,0.0574,0.2679,0.1828,0.1111,0.153899560286971,0.3834628190899,0.679353317615359,0.3672882220118
2006,44,0.0495,0.2527,0.0237,0.0586,0.2725,0.1892,0.109,0.143697669155918,0.397290572297484,0.672402382528127,0.370275884689675
2006,52,0.0555,0.268,0.0274,0.0649,0.2734,0.1987,0.1038,0.148489393614742,0.441635287789134,0.656877897990726,0.38068792547474
2006,60,0.0564,0.3095,0.0272,0.0701,0.2981,0.1888,0.0956,0.242223560104355,0.528017773389287,0.69171904892047,0.43822286861971
2006,68,0.0452,0.3217,0.0204,0.0615,0.2994,0.1685,0.0897,0.312525499796002,0.563928050559067,0.753611338239302,0.480068060281964
2006,76,0.0493,0.3009,0.0225,0.0696,0.2733,0.1367,0.083,0.375228519195612,0.567595728054181,0.718446601941747,0.440491613852026
2006,84,NA,0.2885,NA,NA,NA,NA,NA,NA,NA,NA,NA
2006,92,0.0465,0.3189,0.0311,0.07,0.265,0.1365,0.0614,0.400527009222661,0.677097028661583,0.745484400656815,0.499029055069065
2006,100,0.0414,0.3534,0.0227,0.0634,0.2905,0.1476,0.0636,0.410778443113772,0.694964028776978,0.790273556231003,0.544863958646223
2006,108,0.0404,0.3876,0.0172,0.063,0.3217,0.1492,0.0714,0.444113263785395,0.688888888888889,0.811214953271028,0.578281145902731
2006,116,0.0432,0.4165,0.0194,0.0656,0.3344,0.1613,0.0749,0.441675320179993,0.695156695156695,0.812051337829019,0.609887596392628
2006,124,0.0478,0.4238,0.0212,0.0685,0.3441,0.1773,0.0826,0.410081517218433,0.673775671406003,0.797285835453774,0.605826243877288
2006,132,0.0586,0.4189,0.0261,0.0763,0.3507,0.1677,0.0923,0.428230480736447,0.638888888888889,0.75455497382199,0.571995554849976
2006,140,0.0693,0.4304,0.0317,0.084,0.3594,0.1767,0.1002,0.417888321528579,0.622314361100641,0.722633580148089,0.561254624016911
2006,148,0.0773,0.4389,0.0358,0.0872,0.3718,0.2045,0.1101,0.364314578800124,0.598907103825137,0.700503680743898,0.553175865867091
2006,156,0.0905,0.4294,0.0422,0.0937,0.3867,0.2238,0.1221,0.314758113900796,0.557207615593835,0.651856126178111,0.511655293194033
2006,164,0.1121,0.4171,0.0523,0.1044,0.4111,0.2367,0.1427,0.275925359437137,0.490175062522329,0.576341647770219,0.44920321658959
2006,172,0.1243,0.4227,0.0555,0.1104,0.4269,0.2513,0.1639,0.254302670623145,0.441186498465735,0.545521023765996,0.425738336424597
2006,180,0.1279,0.4226,0.0568,0.1121,0.4297,0.2854,0.1626,0.193785310734463,0.444292549555707,0.535331516802906,0.41765873015873
2006,188,0.1235,0.4165,0.0557,0.109,0.4268,0.2774,0.1576,0.200461161550656,0.45096673053475,0.542592592592593,0.421037505388705
2006,196,0.1218,0.4178,0.0547,0.1078,0.4258,0.2481,0.1538,0.254843069529959,0.46186144156753,0.548554484803558,0.425691028849196
2006,204,0.1242,0.4189,0.0558,0.1095,0.4336,0.2518,0.1594,0.249142686745192,0.448729033373681,0.542625667464555,0.422061182401467
2006,212,0.1204,0.4163,0.0549,0.1074,0.4238,0.2654,0.1559,0.221358368783923,0.455085634393569,0.551332215390348,0.428356350791859
2006,220,0.1132,0.422,0.0522,0.1031,0.4056,0.2642,0.1449,0.229962110171962,0.488798729934733,0.576980568011958,0.451541206059543
2006,228,0.1054,0.4147,0.0493,0.098,0.3918,0.2409,0.1398,0.26510067114094,0.495761947700631,0.594693328206114,0.46099502190956
2006,236,0.0988,0.4016,0.0478,0.0944,0.3817,0.2391,0.1378,0.253628843452474,0.489061920652577,0.605115907274181,0.462742221407177
2006,244,0.0989,0.3817,0.0498,0.094,0.3752,0.2383,0.1382,0.231290322580645,0.468359299865359,0.58843112775697,0.441433566433567
2006,252,0.1038,0.3642,0.0523,0.0951,0.3725,0.2225,0.1409,0.2415203681609,0.442090675113839,0.556410256410256,0.408214453676125
2006,260,0.1029,0.3572,0.0503,0.092,0.3702,0.2541,0.1416,0.168656960575822,0.432237369687249,0.552705933492719,0.398002942373306
2006,268,0.1,0.34,0.0506,0.0903,0.3676,0.2549,0.1432,0.143049251975122,0.407284768211921,0.545454545454545,0.384492149951938
2006,276,0.0951,0.2966,0.0455,0.0825,0.344,0.2291,0.1508,0.128400228267073,0.32588287885561,0.514424304314526,0.330122218945575
2006,284,0.0965,0.2946,0.045,0.0826,0.3431,0.2418,0.1549,0.098434004474273,0.310789766407119,0.506520071592943,0.322407395351865
2006,292,0.0975,0.2878,0.0476,0.0835,0.3491,0.23,0.1588,0.111626110467362,0.28884908195253,0.493900856475474,0.313860667634253
2006,300,0.0947,0.2639,0.0472,0.0815,0.3223,0.2333,0.1597,0.0615446500402253,0.245986779981114,0.471834913552705,0.286178201745484
2006,308,0.0822,0.2104,0.04,0.0703,0.2571,0.2231,0.1562,-0.0292964244521338,0.14784506273868,0.438140806561859,0.228341407808492
2006,316,0.0742,0.2021,0.0368,0.0674,0.2573,0.1939,0.1707,0.0207070707070707,0.0842274678111588,0.462902642055737,0.233172901626194
2006,324,0.0791,0.1921,0.0345,0.0746,0.2595,0.2257,0.1771,-0.080421254188607,0.0406283856988083,0.416666666666667,0.200646329770233
2006,332,0.071,0.1782,0.0353,0.0633,0.2513,0.2299,0.175,-0.126684636118598,0.00906002265005657,0.430176565008026,0.200082123259547
2006,340,0.0694,0.1738,0.0342,0.0619,0.2352,0.2145,0.1617,-0.104815864022663,0.0360655737704918,0.429276315789474,0.195696183549524
2006,348,0.0632,0.1822,0.0288,0.0583,0.1893,0.1937,0.1184,-0.0305932428837457,0.212242182302063,0.484922575387123,0.221123829344433
2006,356,0.0681,0.1933,0.0292,0.0616,0.1686,0.239,0.1136,-0.105713624797594,0.259693711306615,0.478959449120122,0.226335960662376
2006,364,0.0732,0.1964,0.034,0.066,0.2491,0.2523,0.172,-0.124582126142189,0.0662323561346363,0.456973293768546,0.223091409532088
2007,4,0.0738,0.1923,0.0359,0.0657,0.2531,0.2512,0.1816,-0.132807215332582,0.0286172773468842,0.44532130777903,0.216897902405096
2007,12,0.0813,0.1936,0.0397,0.0689,0.258,0.2418,0.1846,-0.11070280202113,0.0237969328397673,0.408512186249545,0.202905359014202
2007,20,0.0901,0.198,0.0446,0.0747,0.261,0.2469,0.1882,-0.109912339851652,0.0253754531330917,0.374522735161402,0.192115946157681
2007,28,0.0911,0.2058,0.0442,0.0759,0.2584,0.2509,0.1834,-0.0987519159185461,0.0575539568345324,0.386325362074773,0.20180871278767
2007,36,0.0731,0.2176,0.0428,0.0714,0.2485,0.2423,0.1562,-0.0537073276799304,0.164258962011771,0.497076023391813,0.270558717795087
2007,44,0.0643,0.2068,0.0396,0.0663,0.2461,0.2281,0.1458,-0.048976776270407,0.173000567214974,0.525636296569532,0.274969126273541
2007,52,0.0546,0.2381,0.0263,0.0603,0.2651,0.2293,0.1358,0.0188275566966196,0.273602567531426,0.626921762897164,0.335233293141876
2007,60,0.0565,0.2914,0.0275,0.0665,0.2932,0.1949,0.1281,0.198437178696278,0.38927294398093,0.67519402127048,0.412351227047713
2007,68,0.0528,0.3123,0.0277,0.0645,0.2983,0.192,0.1185,0.238548483045806,0.449860724233983,0.71076417419885,0.456432265100081
2007,76,0.0475,0.3314,0.0229,0.0596,0.3021,0.1955,0.1069,0.257923704687797,0.512206251425964,0.74927421483241,0.49129546949088
2007,84,0.0466,0.3629,0.0233,0.0597,0.3198,0.1831,0.0938,0.329304029304029,0.589227063717977,0.772405372405373,0.538749787089082
2007,92,0.047,0.3948,0.0225,0.0622,0.3198,0.1735,0.0864,0.389407003343305,0.640897755610973,0.787234042553192,0.576572394814496
2007,100,0.0492,0.4083,0.025,0.0649,0.3271,0.1879,0.0914,0.369674605836967,0.634180508304983,0.784918032786885,0.592183377308707
2007,108,0.0586,0.395,0.0273,0.07,0.3332,0.2042,0.1046,0.318424566088117,0.581265012009608,0.741622574955908,0.545448649349807
2007,116,0.0656,0.3804,0.0309,0.0736,0.3467,0.2026,0.1167,0.304974271012007,0.530476765238383,0.705829596412556,0.510293402496353
2007,124,0.0794,0.3818,0.0373,0.0836,0.3652,0.2249,0.133,0.258612164166804,0.483294483294483,0.655680832610581,0.4789508695239
2007,132,0.0888,0.3856,0.0423,0.0904,0.3621,0.2374,0.1325,0.237881219903692,0.488515730553947,0.625632377740304,0.463416919089404
2007,140,0.0969,0.3873,0.0468,0.0948,0.3766,0.2414,0.1312,0.23206616828376,0.493924783027965,0.599752168525403,0.448785312480682
2007,148,0.103,0.4027,0.0475,0.0971,0.3904,0.255,0.1346,0.224570472859967,0.498976363297971,0.592643859996045,0.450148697768031
2007,156,0.1066,0.4071,0.0473,0.0985,0.3863,0.2344,0.1398,0.26921278254092,0.488754799780581,0.584971773408604,0.444014303023139
2007,164,0.1129,0.4126,0.0501,0.1024,0.3977,0.224,0.1442,0.296261388627081,0.482040229885058,0.570313986679353,0.437071605658451
2007,172,0.1167,0.4254,0.0516,0.1051,0.4118,0.2465,0.1459,0.266259860098229,0.489235077892526,0.56945213060321,0.44389163694927
2007,180,0.1171,0.4345,0.0547,0.1068,0.4055,0.2552,0.1431,0.259968102073365,0.504501385041551,0.575416968817984,0.459507195181979
2007,188,0.1157,0.4505,0.0535,0.1068,0.4118,0.276,0.1409,0.240192704748796,0.523503550896179,0.591310490992582,0.480082594855029
2007,196,0.114,0.4543,0.0501,0.105,0.4165,0.2736,0.1392,0.248248385767276,0.530918281381634,0.598803448882632,0.482681342373266
2007,204,0.1077,0.4366,0.0477,0.0998,0.395,0.2415,0.1307,0.28771567615396,0.539220870791468,0.604262355318758,0.47665285064201
2007,212,0.1019,0.4121,0.0459,0.0948,0.3834,0.2476,0.1314,0.24935576777323,0.516467341306348,0.603501945525292,0.461813309513176
2007,220,0.0993,0.4035,0.0455,0.0932,0.3944,0.2713,0.1368,0.195909899229401,0.493614658523043,0.605011933174224,0.458671330780133
2007,228,0.0959,0.4085,0.044,0.0908,0.3846,0.2541,0.1276,0.233021430727437,0.523969408692408,0.619746233148295,0.472519499365137
2007,236,0.0945,0.4003,0.0434,0.0886,0.376,0.2375,0.1213,0.255252430228912,0.53489263803681,0.61802748585287,0.465647460104763
2007,244,0.0959,0.386,0.0452,0.0894,0.3746,0.2298,0.1244,0.253653783696005,0.512539184952978,0.601992114546587,0.447022928994083
2007,252,0.0929,0.3789,0.0436,0.0867,0.3607,0.2221,0.1226,0.26089850249584,0.511066799601196,0.606189063162357,0.444292549555707
2007,260,0.0873,0.3492,0.0392,0.0796,0.344,0.2173,0.1251,0.232833186231244,0.472485768500949,0.6,0.414661177960735
2007,268,0.0854,0.325,0.0384,0.0773,0.3319,0.2111,0.1301,0.212460361872785,0.428257525818501,0.583820662768031,0.386601265005809
2007,276,0.083,0.3002,0.0395,0.0774,0.3133,0.2062,0.1189,0.185624012638231,0.432593653066094,0.566805845511482,0.361530010985719
2007,284,0.0779,0.247,0.0382,0.0731,0.2825,0.2046,0.1193,0.0938883968113375,0.348621348621349,0.52046783625731,0.296064150150571
2007,292,0.079,0.2478,0.0326,0.0667,0.3027,0.2196,0.1461,0.0603337612323492,0.258187357197258,0.516523867809057,0.285656264807419
2007,300,0.0783,0.2268,0.0328,0.0647,0.2667,0.2241,0.1389,0.00598802395209576,0.240360951599672,0.486725663716814,0.255928581276713
2007,308,0.0732,0.2154,0.0314,0.0614,0.2499,0.2184,0.1328,-0.00691562932226833,0.237219988512349,0.492723492723493,0.250510887182017
2007,316,0.0665,0.1981,0.0263,0.0551,0.246,0.2128,0.1389,-0.0357751277683135,0.17566765578635,0.497354497354497,0.235025181269422
2007,324,0.0716,0.1849,0.0296,0.0558,0.2487,0.2112,0.154,-0.0663973744004039,0.0911773384479198,0.441715399610137,0.203411131059246
2007,332,0.0728,0.1727,0.0336,0.0561,0.2406,0.2013,0.1664,-0.0764705882352941,0.0185785903863167,0.406924643584521,0.183977900552486
2007,340,0.0772,0.1788,0.035,0.0619,0.2537,0.1956,0.1654,-0.0448717948717948,0.0389308541545613,0.396875,0.184124682856107
2007,348,0.0776,0.1682,0.0334,0.0629,0.2001,0.2087,0.1266,-0.107455558503582,0.141112618724559,0.368592351505289,0.163738885274344
2007,356,0.0708,0.1532,0.0312,0.0571,0.2225,0.2307,0.1582,-0.20187548840844,-0.0160565189466924,0.367857142857143,0.15327380952381
2007,364,0.0641,0.1482,0.029,0.0562,0.1522,0.1772,0.1246,-0.0891210817455439,0.0865102639296188,0.396137541215261,0.159849464000608
2008,4,0.0551,0.1239,0.0274,0.0485,0.1324,0.1356,0.1005,-0.0450867052023121,0.10427807486631,0.384357541899441,0.137710168134508
2008,12,0.0602,0.1329,0.0278,0.0518,0.1903,0.2037,0.152,-0.210338680926916,-0.067041067041067,0.376488865872605,0.141373677660236
2008,20,0.0608,0.1445,0.0291,0.0543,0.1936,0.1989,0.1464,-0.158415841584158,-0.00653145410794082,0.407696054554311,0.162077378877658
2008,28,0.0653,0.1658,0.0305,0.0589,0.2175,0.21,0.1432,-0.117615753060138,0.0731391585760518,0.434876676763306,0.189073258832825
2008,36,0.0725,0.1791,0.037,0.0658,0.2304,0.2144,0.1557,-0.089707750952986,0.0698924731182796,0.42368839427663,0.199386503067485
2008,44,0.0728,0.1908,0.0383,0.0673,0.2364,0.2035,0.1566,-0.0322089779355821,0.0984455958549222,0.447647951441578,0.220091767075764
2008,52,0.0614,0.2292,0.0271,0.0633,0.2694,0.2078,0.1292,0.0489702517162471,0.279017857142857,0.577426015141087,0.300857030157421
2008,60,0.0569,0.2503,0.0233,0.0619,0.277,0.2085,0.1259,0.0911072362685266,0.330675172780436,0.629557291666667,0.341225872472564
2008,68,0.054,0.2822,0.0235,0.0627,0.2929,0.1972,0.1129,0.177304964539007,0.428499114148317,0.678762641284949,0.398964998776181
2008,76,0.0527,0.3203,0.025,0.0644,0.3064,0.2087,0.1051,0.210964083175803,0.505876821814763,0.717426273458445,0.461697722567288
2008,84,0.0544,0.3393,0.0253,0.0666,0.31,0.1957,0.098,0.268411214953271,0.551795106334324,0.723647447294895,0.482570547782784
2008,92,0.0535,0.3583,0.0241,0.0655,0.3275,0.1819,0.0935,0.326545723805998,0.586100044267375,0.740165128703254,0.508491541823763
2008,100,0.054,0.3824,0.0246,0.0659,0.3474,0.1801,0.0925,0.359644444444444,0.610444304064014,0.752520623281393,0.539457257375649
2008,108,0.0588,0.3967,0.0282,0.0705,0.3527,0.1961,0.0946,0.338394062078273,0.61489924689599,0.741822173435785,0.549252275682705
2008,116,0.0626,0.3912,0.0305,0.0726,0.3387,0.1941,0.092,0.336750384418247,0.619205298013245,0.72410753635963,0.534117876531972
2008,124,0.0726,0.3945,0.0342,0.08,0.3449,0.1855,0.0943,0.360344827586207,0.614157119476268,0.689145793192036,0.5114069649212
2008,132,0.0846,0.4198,0.0407,0.09,0.3634,0.1954,0.1024,0.364759427828349,0.60781309842972,0.664551942902458,0.516598341706994
2008,140,0.0909,0.4352,0.0456,0.0927,0.3726,0.2107,0.1044,0.347577024307168,0.613046701260193,0.654438319711082,0.525295984376907
2008,148,0.0991,0.4267,0.0483,0.0955,0.3718,0.2084,0.1099,0.343725397575185,0.590383898620947,0.623050589577786,0.49365600795636
2008,156,0.1024,0.4392,0.0501,0.0989,0.3761,0.2082,0.1131,0.356811862835959,0.590439978272678,0.621861152141802,0.501832702565784
2008,164,0.1071,0.4667,0.0546,0.1047,0.3884,0.2167,0.1137,0.365817968978636,0.608201240523777,0.626699198326943,0.528885751264855
2008,172,0.1145,0.4522,0.0584,0.1121,0.3997,0.2417,0.1245,0.303357832540712,0.56823305011271,0.595906123169225,0.496267340700682
2008,180,0.1167,0.4283,0.0666,0.1196,0.3952,0.2474,0.1287,0.267722361994968,0.537881508078994,0.571743119266055,0.478207489257213
2008,188,0.1121,0.4426,0.0613,0.1153,0.3886,0.2334,0.1212,0.309467455621302,0.570060305072721,0.595817559040923,0.499109003594189
2008,196,0.1106,0.4374,0.0556,0.1068,0.3942,0.2245,0.122,0.321649796041698,0.56381837683232,0.596350364963504,0.485154394299287
2008,204,0.1118,0.4214,0.0548,0.1054,0.397,0.2306,0.128,0.292638036809816,0.53403713141609,0.580645161290323,0.460385438972163
2008,212,0.1091,0.4264,0.0497,0.103,0.3921,0.2248,0.1228,0.30958230958231,0.552804078659869,0.592530345471522,0.464364115322699
2008,220,0.1096,0.4109,0.0526,0.1038,0.3714,0.2058,0.1181,0.332576617480136,0.553497164461248,0.578866474543708,0.449970131421744
2008,228,0.1056,0.4078,0.0511,0.1005,0.3615,0.1992,0.1159,0.343657331136738,0.557380179492076,0.588624853915076,0.455628260410699
2008,236,0.1018,0.4069,0.0468,0.0964,0.3653,0.2185,0.1202,0.301247201790854,0.543919559855815,0.599764104580303,0.457640847183056
2008,244,0.1005,0.3928,0.0482,0.0953,0.3691,0.2242,0.1205,0.273257698541329,0.53048899279174,0.592540036488952,0.447133329254115
2008,252,0.0987,0.3663,0.0481,0.0925,0.3654,0.2253,0.1164,0.238336713995943,0.517712865133623,0.575483870967742,0.418713816304178
2008,260,0.0967,0.3335,0.0464,0.0882,0.3479,0.1941,0.1197,0.264215314632297,0.471756398940865,0.550441655044166,0.378105639649997
2008,268,0.0969,0.3006,0.0451,0.0882,0.3287,0.1963,0.1271,0.209901388609378,0.405658171615618,0.512452830188679,0.329878542510121
2008,276,0.0937,0.3013,0.0441,0.086,0.3311,0.1788,0.1326,0.255155176004999,0.388799262502881,0.525569620253165,0.338607078779971
2008,284,0.0894,0.2844,0.043,0.0792,0.3257,0.201,0.1306,0.171817058096415,0.370602409638554,0.521669341894061,0.325368751251418
2008,292,0.091,0.2712,0.0436,0.0789,0.3173,0.2159,0.1326,0.113529049476494,0.343239227340267,0.497515184980674,0.302308414977855
2008,300,0.0813,0.2441,0.0394,0.0714,0.2784,0.1976,0.1253,0.105275073579353,0.321602598808879,0.500307314074985,0.283347257031468
2008,308,0.0615,0.1882,0.0293,0.0562,0.1914,0.1642,0.1037,0.0681044267877412,0.289482699554642,0.507408890668803,0.236831283412464
2008,316,0.0623,0.1869,0.0297,0.056,0.2071,0.1968,0.1306,-0.0258014073494918,0.177322834645669,0.5,0.232818864681042
2008,324,0.059,0.1768,0.0267,0.0541,0.2286,0.1992,0.133,-0.0595744680851064,0.141381536475145,0.499575911789652,0.22133704107324
2008,332,NA,0.1761,NA,NA,0.222,0.1978,0.1191,-0.0580369082642418,0.193089430894309,NA,NA
2008,340,0.0545,0.165,0.0298,0.0531,0.2121,0.2083,0.1336,-0.115992499330297,0.105157401205626,0.503416856492027,0.217776901852582
2008,348,0.0568,0.1574,0.0297,0.0538,0.2062,0.1475,0.1264,0.0324696621843227,0.1092318534179,0.469654528478058,0.197185307146497
2008,356,0.0612,0.1655,0.0288,0.0568,0.2036,0.1846,0.1211,-0.0545558411882319,0.154919748778786,0.460079400088222,0.198032961190856
2008,364,0.0631,0.1633,0.0316,0.0562,0.2205,0.2031,0.1454,-0.108624454148472,0.0579850988014253,0.442579505300353,0.191968733236263
2009,4,0.0627,0.1575,0.0298,0.0565,0.216,0.1841,0.1519,-0.0778688524590164,0.0180995475113122,0.430517711171662,0.180888413982598
2009,12,0.0642,0.1573,0.0305,0.0558,0.2146,0.1882,0.1573,-0.0894356005788712,0,0.420316027088036,0.177164605137964
2009,20,0.0607,0.1657,0.0294,0.0545,0.2186,0.2007,0.1556,-0.0955240174672489,0.0314347961406785,0.463780918727915,0.200473499312662
2009,28,0.0603,0.176,0.0282,0.0559,0.2245,0.2112,0.1496,-0.0909090909090909,0.0810810810810811,0.489631823952603,0.218087913745005
2009,36,0.0616,0.2058,0.0286,0.0587,0.2247,0.209,0.1278,-0.00771456123432982,0.233812949640288,0.539267015706806,0.264898229113087
2009,44,0.0567,0.1937,0.0259,0.0588,0.1965,0.1634,0.0981,0.0848501820218426,0.327621658670322,0.547124600638978,0.255663792781697
2009,52,0.0526,0.1898,0.0251,0.0575,0.1875,0.1599,0.0884,0.0855018587360594,0.364485981308411,0.566006600660066,0.2604107352997
2009,60,0.0492,0.2449,0.0221,0.0561,0.2545,0.1796,0.1102,0.153828032979976,0.379329766263024,0.665419925195512,0.355986466329538
2009,68,0.0523,0.2621,0.0246,0.0601,0.2664,0.1888,0.1095,0.162563761366157,0.410656620021529,0.667302798982188,0.376958459105936
2009,76,0.0489,0.3117,0.0223,0.0598,0.2956,0.2044,0.1007,0.207905444681263,0.511639185257032,0.728785357737105,0.456932225197343
2009,84,0.0491,0.3411,0.0219,0.0609,0.3137,0.2013,0.1034,0.257743362831858,0.534758155230596,0.748334187596105,0.496109279961942
2009,92,0.0524,0.3473,0.0245,0.0636,0.3159,0.1924,0.1034,0.287011302575505,0.54115819835811,0.737803352514386,0.498832842788998
2009,100,0.0477,0.3664,0.0215,0.06,0.3138,0.188,0.0877,0.321789321789322,0.613741466637305,0.769620864525477,0.534247493881383
2009,108,0.0571,0.3652,0.0259,0.0673,0.3218,0.1909,0.1004,0.313432835820896,0.56872852233677,0.729576130712764,0.508902910376268
2009,116,0.0692,0.335,0.0338,0.075,0.323,0.1958,0.1147,0.26224566691786,0.489882143651323,0.657595249876299,0.443976748847465
2009,124,0.0752,0.3163,0.0362,0.0784,0.3068,0.189,0.1138,0.251929546803879,0.470820739362939,0.615836526181354,0.402907754010695
2009,132,0.0831,0.3396,0.0408,0.0852,0.3261,0.2125,0.1179,0.230211918130773,0.484590163934426,0.606813342796309,0.418515859548362
2009,140,0.0931,0.3564,0.046,0.0925,0.3504,0.2383,0.1281,0.198587523120901,0.471207430340557,0.585761957730812,0.419267515923567
2009,148,0.1024,0.3551,0.0484,0.0979,0.3677,0.2212,0.1341,0.232344265139684,0.451757972199509,0.552349726775956,0.393246187363834
2009,156,0.1092,0.3593,0.0513,0.1002,0.3632,0.2031,0.1359,0.27773826458037,0.451130856219709,0.533831376734258,0.383647798742138
2009,164,0.1115,0.3679,0.0519,0.1001,0.375,0.2274,0.1458,0.236015454392743,0.432353513723963,0.534835210680017,0.389038934239675
2009,172,0.1165,0.3852,0.0538,0.1044,0.3917,0.2599,0.1533,0.194233452177957,0.430640668523677,0.535579031293602,0.399684655203189
2009,180,0.1209,0.3927,0.0565,0.1081,0.4014,0.2671,0.1574,0.190360715368293,0.427740410834394,0.529205607476635,0.401038746421932
2009,188,0.1215,0.3866,0.0554,0.1077,0.3888,0.2536,0.1552,0.2077475788816,0.427094868955334,0.521747687463098,0.389830009999412
2009,196,0.1178,0.39,0.052,0.1041,0.39,0.2606,0.1473,0.198893329234553,0.451702959240648,0.536037810161481,0.398699320365596
2009,204,0.1166,0.4011,0.0506,0.1025,0.3925,0.2605,0.1425,0.212515114873035,0.475717439293598,0.549546069152018,0.41322914245875
2009,212,0.1146,0.3929,0.0516,0.1017,0.3778,0.2519,0.1404,0.218672456575682,0.473467091693231,0.548374384236453,0.410835547682315
2009,220,0.1113,0.3758,0.0516,0.1004,0.3731,0.2549,0.1397,0.191691771048042,0.458001939864209,0.543009648942722,0.399160932029458
2009,228,0.1093,0.3752,0.0503,0.0995,0.3892,0.2594,0.1413,0.182477150961235,0.452855759922556,0.548813209494324,0.401965230536659
2009,236,0.1032,0.3714,0.0464,0.0941,0.398,0.2489,0.139,0.197485087860713,0.455329153605016,0.565107458912769,0.408194326068428
2009,244,0.0994,0.3736,0.0439,0.0903,0.3912,0.2385,0.1325,0.220715569351413,0.476388065599684,0.579704016913319,0.417796739296054
2009,252,0.0955,0.368,0.0418,0.0878,0.3464,0.2244,0.1251,0.242403781228899,0.492597850334618,0.587918015102481,0.418586789554531
2009,260,0.088,0.3432,0.0396,0.0816,0.3239,0.2195,0.1212,0.219832948285054,0.478036175710594,0.591836734693877,0.405285224240884
2009,268,0.0894,0.3353,0.0417,0.0825,0.3399,0.2264,0.1286,0.193875734377782,0.445570165984048,0.578996939015776,0.394335931235768
2009,276,0.0913,0.3246,0.0465,0.0845,0.329,0.2249,0.1259,0.181437670609645,0.441065482796892,0.560952151959606,0.382797886653759
2009,284,0.0762,0.2599,0.0354,0.0712,0.2915,0.2183,0.1181,0.0869928900041823,0.375132275132275,0.546563522761083,0.316375034444751
2009,292,0.0635,0.2177,0.0297,0.0597,0.2286,0.2078,0.119,0.0232667450058754,0.293139293139293,0.548364153627312,0.280170064319198
2009,300,0.0662,0.2183,0.0298,0.0598,0.229,0.2116,0.1253,0.01558501977204,0.270663562281723,0.534622144112478,0.273168103448276
2009,308,0.066,0.2042,0.0283,0.0567,0.2608,0.2178,0.1341,-0.0322274881516588,0.207212533254508,0.511472982975574,0.248928275514248
2009,316,0.0726,0.2105,0.0292,0.0599,0.2643,0.1975,0.1432,0.0318627450980392,0.190274243709358,0.487107029318262,0.241573821035667
2009,324,0.0799,0.2087,0.0341,0.064,0.2674,0.1935,0.1532,0.0377921432123322,0.153357281016855,0.446292446292446,0.224805389744127
2009,332,0.0849,0.2097,0.0382,0.0665,0.2835,0.2297,0.1619,-0.0455166135639509,0.128632938643703,0.423625254582485,0.217785843920145
2009,340,0.0871,0.2084,0.045,0.0706,0.2739,0.22,0.1551,-0.027077497665733,0.146629986244842,0.410490693739425,0.217617509867241
2009,348,0.0651,0.1484,0.0326,0.0575,0.2036,0.1954,0.1349,-0.136707388016289,0.047652665019414,0.390163934426229,0.160872923908845
2009,356,0.0644,0.1463,0.0314,0.0569,0.2039,0.1978,0.1397,-0.149665794827085,0.0230769230769231,0.388704318936877,0.157839962997225
2009,364,NA,NA,NA,NA,NA,NA,NA,NA,NA,NA,NA
2010,4,0.0613,0.1586,NA,NA,0.1964,NA,0.127,NA,0.110644257703081,0.442473851750796,NA
2010,12,0.0562,0.1498,0.0237,0.0503,0.1853,0.1751,0.0995,-0.0778701138811942,0.201764941837144,0.454368932038835,0.17872827954936
2010,20,0.0477,0.1418,0.0241,0.0491,0.1644,0.1284,0.0734,0.0495928941524796,0.317843866171004,0.496569920844327,0.188614952896372
2010,28,0.0478,0.154,0.0242,0.0497,0.1893,0.167,0.0976,-0.0404984423676013,0.224165341812401,0.526263627353816,0.210831414277773
2010,36,0.0557,0.1962,0.028,0.0602,0.2305,0.2016,0.119,-0.0135746606334841,0.24492385786802,0.5577610162763,0.266017873371706
2010,44,0.0535,0.2291,0.0288,0.0599,0.2137,0.1984,0.1164,0.071812865497076,0.326193921852388,0.62137296532201,0.329060790045724
2010,52,0.0508,0.2116,0.023,0.061,0.1939,0.1492,0.094,0.172949002217295,0.384816753926702,0.61280487804878,0.299129399508892
2010,60,0.0483,0.2726,0.0229,0.0609,0.2685,0.1601,0.0918,0.259995377859949,0.49615806805708,0.698971642256154,0.403228706000791
2010,68,0.0514,0.2876,0.0273,0.0639,0.2817,0.1715,0.0956,0.252886081463733,0.501043841336117,0.696755162241888,0.424438454627134
2010,76,0.0543,0.3037,0.0287,0.0676,0.2956,0.1849,0.1012,0.243143675808432,0.50012348728081,0.696648044692737,0.440869718932296
2010,84,0.0541,0.3107,0.0275,0.0675,0.2972,0.1837,0.0967,0.256877022653722,0.525282277859597,0.703399122807018,0.44889961862776
2010,92,0.0567,0.3301,0.0327,0.0748,0.3022,0.1849,0.088,0.281941747572816,0.579048074623296,0.706825232678387,0.479632293603733
2010,100,0.0591,0.3382,0.0317,0.0734,0.3201,0.1834,0.0954,0.296779141104294,0.559963099630996,0.702491819783539,0.479536785677468
2010,108,0.0572,0.3601,0.0289,0.0717,0.3198,0.1901,0.0931,0.308978553253362,0.589143865842895,0.725856697819315,0.509400961958898
2010,116,0.06,0.3646,0.0266,0.0728,0.3217,0.1965,0.0948,0.299590090892889,0.587287766652155,0.717381064531324,0.499311520556029
2010,124,0.0643,0.3711,0.0293,0.0751,0.3379,0.1994,0.0993,0.300964066608238,0.57780612244898,0.70463941203491,0.498975376508473
2010,132,0.0717,0.3835,0.0329,0.0797,0.3481,0.207,0.1078,0.298899237933954,0.56116425809078,0.684973637961336,0.497463224735952
2010,140,0.0735,0.356,0.0331,0.0776,0.3388,0.2159,0.1154,0.244972897359678,0.510394569367841,0.657741559953434,0.456012913640032
2010,148,0.081,0.3347,0.0394,0.0829,0.3406,0.2304,0.1201,0.184569102813661,0.471855760773967,0.610295886456579,0.415847102019407
2010,156,0.0911,0.3642,0.0427,0.0905,0.3714,0.216,0.129,0.255429162357808,0.476885644768856,0.599824291675818,0.429254031624281
2010,164,0.1002,0.3837,0.0469,0.0973,0.3777,0.2,0.1341,0.314716463936954,0.482039397450753,0.585864848109113,0.433977283164437
2010,172,0.107,0.3972,0.0513,0.1024,0.3737,0.22,0.1349,0.287103046014258,0.492952452546514,0.575565251884173,0.438514309891505
2010,180,0.1109,0.4002,0.0537,0.1051,0.3885,0.2293,0.14,0.271485305798253,0.481673454276194,0.566034044218353,0.434946026400457
2010,188,0.1139,0.4166,0.0547,0.1066,0.4009,0.2426,0.1404,0.263956310679612,0.495870736086176,0.570593779453346,0.447847314691522
2010,196,0.1092,0.419,0.0523,0.1026,0.3861,0.2214,0.1306,0.308557151780137,0.524745269286754,0.586520257478228,0.460477422039894
2010,204,0.1047,0.4148,0.0499,0.1,0.4009,0.2301,0.1341,0.286400992401923,0.511386409182,0.596920115495669,0.464569288389513
2010,212,0.0939,0.402,0.0462,0.0932,0.379,0.2521,0.1294,0.229169851704632,0.512984569062853,0.62129461584997,0.475786027549571
2010,220,0.0866,0.3861,0.0433,0.0877,0.3624,0.213,0.1299,0.28893340010015,0.496511627906977,0.633594245821874,0.473607640975363
2010,228,0.088,0.3631,0.0426,0.0868,0.363,0.2004,0.1326,0.288731144631766,0.464998991325398,0.609842606960763,0.437611351488928
2010,236,0.082,0.3516,0.0394,0.0817,0.3562,0.2189,0.1273,0.232602979842244,0.468365003132178,0.621771217712177,0.435372391964343
2010,244,0.0797,0.3476,0.0389,0.0792,0.3518,0.2312,0.1225,0.201105736005529,0.478834290576473,0.626959981277791,0.436589420162315
2010,252,0.0854,0.3425,0.0402,0.082,0.3468,0.2328,0.1262,0.19068312184947,0.461489225517389,0.600841318064968,0.413769795287756
2010,260,0.0841,0.3298,0.0401,0.0803,0.3528,0.2164,0.133,0.207616257781033,0.42523768366465,0.593621647741,0.400515111009683
2010,268,0.0809,0.319,0.0405,0.0781,0.3462,0.2312,0.129,0.159578335150854,0.424107142857143,0.595398849712428,0.396661446706427
2010,276,0.0773,0.3179,0.0401,0.0754,0.3282,0.2259,0.1209,0.169179845531445,0.448951686417502,0.608805668016194,0.406158209257571
2010,284,0.0759,0.3068,0.0383,0.0737,0.3171,0.2238,0.1274,0.156426686769695,0.413173652694611,0.603344656388816,0.391369198955897
2010,292,0.0733,0.2514,0.0355,0.0708,0.2731,0.1962,0.1304,0.123324396782842,0.316919853326349,0.548506313520173,0.312467104108916
2010,300,0.069,0.2129,0.0326,0.0639,0.2541,0.1989,0.136,0.0339970859640602,0.220406993407853,0.510464703795672,0.260235821759259
2010,308,0.0657,0.1865,0.0308,0.0579,0.2353,0.2102,0.1367,-0.0597428787496849,0.154084158415841,0.47898493259318,0.223753426687412
2010,316,0.0666,0.1691,0.0344,0.0589,0.2261,0.2057,0.1362,-0.0976520811099253,0.107762856207009,0.434874840899448,0.195506218051423
2010,324,0.0623,0.1595,0.0315,0.0532,0.2085,0.2089,0.1305,-0.134093376764387,0.1,0.438232642019838,0.187348213253151
2010,332,0.0624,0.1502,0.0275,0.0494,0.2161,0.2029,0.1411,-0.149249504389691,0.0312392722279437,0.412982126058325,0.166495998786362
2010,340,0.0569,0.1489,0.0213,0.0536,0.1882,0.1814,0.1145,-0.0983953981229185,0.130599848139711,0.447035957240039,0.17286084701815
2010,348,0.0537,0.1484,0.0262,0.0541,0.1632,0.1508,0.0858,-0.0080213903743316,0.267292912040991,0.468579910935181,0.1858174397614
2010,356,0.0562,0.153,0.0275,0.0571,0.154,0.1577,0.0868,-0.015127132281944,0.276063386155129,0.462715105162524,0.188480859846567
2010,364,0.0531,0.1591,0.0216,0.0538,0.1875,0.1697,0.1181,-0.0322384428223844,0.147907647907648,0.499528746465598,0.201413696131337
2011,4,0.0551,0.1617,0.0235,0.0545,0.2056,0.1763,0.1236,-0.0431952662721894,0.1335436382755,0.49169741697417,0.202499905018806
2011,12,0.0578,0.1733,0.0301,0.0585,0.2114,0.1874,0.1283,-0.039090657055725,0.14920424403183,0.499783643444396,0.223084946111948
2011,20,0.0543,0.1807,0.0229,0.0541,0.1912,0.1659,0.1229,0.0427005193306404,0.19038208168643,0.537872340425532,0.23674845476681
2011,28,0.0562,0.2005,0.0248,0.058,0.1895,0.1541,0.095,0.130851663846588,0.357021996615905,0.56213478768991,0.266886143375009
2011,36,0.0597,0.2164,0.0279,0.0613,0.2157,0.1909,0.104,0.0626074146820525,0.350811485642946,0.567547989858747,0.286922767056066
2011,44,0.0606,0.2425,0.0281,0.0656,0.2496,0.1895,0.104,0.122685185185185,0.3997113997114,0.600131969646981,0.325903895080087
2011,52,0.0606,0.2686,0.0291,0.0691,0.2601,0.1893,0.115,0.173181917449225,0.400417101147028,0.6318347509113,0.367764065207398
2011,60,0.062,0.2695,0.0316,0.0714,0.2767,0.1919,0.113,0.168183788469874,0.409150326797386,0.625942684766214,0.36934852260591
2011,68,0.0571,0.279,0.0313,0.0691,0.2738,0.19,0.1033,0.189765458422175,0.459586712006278,0.660220172567688,0.400007210585139
2011,76,0.0608,0.3172,0.0309,0.0786,0.2948,0.1984,0.0993,0.230411171450737,0.523169267707083,0.678306878306878,0.441992759868988
2011,84,0.0515,0.3525,0.0229,0.071,0.3095,0.1983,0.0916,0.279956427015251,0.587480297230354,0.745049504950495,0.505118308441014
2011,92,0.0489,0.3661,0.0237,0.0676,0.3193,0.198,0.0908,0.297996809076405,0.602538848763406,0.76433734939759,0.535177998987684
2011,100,0.0542,0.3786,0.0301,0.0718,0.3244,0.1906,0.0897,0.330288123682361,0.616912235746316,0.749537892791127,0.54869591691756
2011,108,0.0578,0.4032,0.0337,0.076,0.3412,0.1892,0.0918,0.361242403781229,0.629090909090909,0.749240780911063,0.57672399398898
2011,116,0.0557,0.4258,0.0275,0.0729,0.3411,0.1798,0.0875,0.406208718626156,0.659068770699396,0.768639667705088,0.59549477071601
2011,124,0.0591,0.4434,0.0294,0.075,0.3433,0.1934,0.0907,0.392587939698492,0.660363227859951,0.764776119402985,0.609033280507132
2011,132,0.066,0.4319,0.0337,0.0798,0.3544,0.2145,0.0992,0.336324257425743,0.626435699491621,0.734886523398273,0.580738342380091
2011,140,0.0735,0.4148,0.0345,0.0841,0.3727,0.2119,0.1081,0.323759374501356,0.586536622681201,0.698955560106492,0.534266303497073
2011,148,0.0813,0.39,0.0385,0.0885,0.3485,0.1787,0.1187,0.371549147177774,0.533320228032239,0.654996817313813,0.485667537207766
2011,156,0.0882,0.3711,0.0432,0.0921,0.3243,0.2023,0.1214,0.29438437391001,0.507005076142132,0.615937295885043,0.448677282243228
2011,164,0.0981,0.3745,0.0466,0.0978,0.3448,0.2289,0.1292,0.241299303944315,0.48699622791344,0.584849767245027,0.428235002478929
2011,172,0.1026,0.3692,0.0475,0.0996,0.3611,0.2292,0.1401,0.233957219251337,0.44983310426075,0.565069944891903,0.409259770961899
2011,180,0.1046,0.3649,0.0477,0.0999,0.3714,0.2381,0.1513,0.21028192371476,0.413793103448276,0.554419595314164,0.398073099862364
2011,188,0.1069,0.366,0.0477,0.1,0.3689,0.2498,0.1456,0.188697629100357,0.430805316653636,0.54789596109114,0.392659048889158
2011,196,0.1084,0.3582,0.0467,0.0984,0.3704,0.248,0.147,0.181788188716595,0.418052256532066,0.535362194599229,0.376579129857991
2011,204,0.1103,0.3541,0.0468,0.0974,0.3815,0.2651,0.1517,0.143733850129199,0.40015816528272,0.524978466838932,0.366088053336537
2011,212,0.1084,0.3421,0.0459,0.0945,0.383,0.2825,0.1502,0.09542106948447,0.389802965671339,0.518756936736959,0.354466858789625
2011,220,0.1053,0.3307,0.0451,0.0918,0.3697,0.2555,0.147,0.128283862163084,0.384550973414277,0.51697247706422,0.346929352008619
2011,228,0.102,0.3334,0.0443,0.0901,0.3588,0.2345,0.143,0.17415037858778,0.399664147774979,0.53146531924667,0.358615131884822
2011,236,0.095,0.327,0.043,0.0862,0.3622,0.2448,0.1484,0.143756558237146,0.375683634833824,0.549763033175355,0.368370911400445
2011,244,0.0933,0.3191,0.0447,0.086,0.3519,0.2406,0.1438,0.14025370734322,0.378699503132426,0.547526673132881,0.365691704725812
2011,252,0.0987,0.3123,0.0456,0.0883,0.3275,0.2196,0.1338,0.174280879864636,0.400134498991258,0.51970802919708,0.34176
2011,260,0.0974,0.2984,0.0434,0.0857,0.314,0.2204,0.1305,0.150346954510409,0.391466542317557,0.507832238504295,0.322673858601426
2011,268,0.0908,0.2971,0.0423,0.0812,0.3155,0.2378,0.1315,0.110861843335203,0.386374241717219,0.531838102603764,0.338274358049388
2011,276,0.0728,0.2534,0.0331,0.0677,0.2945,0.2294,0.1368,0.0497100248550124,0.298821117375705,0.553648068669528,0.313117653177988
2011,284,0.0651,0.2153,0.03,0.0611,0.2537,0.2149,0.134,0.000929800092980036,0.232751216719153,0.535663338088445,0.271924107466145
2011,292,0.0654,0.2183,0.0309,0.0611,0.2645,0.2063,0.1386,0.0282618935468677,0.2233118520594,0.538949594642228,0.277203669458646
2011,300,0.0679,0.2354,0.0323,0.0634,0.2844,0.2126,0.1454,0.0508928571428571,0.236344537815126,0.55225848994395,0.298989682624683
2011,308,0.0739,0.237,0.0377,0.0688,0.284,0.2362,0.1416,0.00169061707523245,0.251980982567353,0.524605982631071,0.291739705934962
2011,316,0.0859,0.2176,0.0479,0.0756,0.2712,0.2359,0.1406,-0.0403528114663726,0.214963707426019,0.433937397034596,0.239672429481347
2011,324,0.0802,0.2063,0.0416,0.0761,0.2437,0.2231,0.1176,-0.0391243595714951,0.27384995368941,0.440139616055846,0.229189385677935
2011,332,0.0729,0.1923,0.033,0.0659,0.2074,0.2177,0.1278,-0.0619512195121951,0.201499531396439,0.450226244343891,0.215960063666618
2011,340,0.0746,0.1978,0.0349,0.0655,0.2374,0.1996,0.1486,-0.00452944136889783,0.14203233256351,0.452276064610866,0.2225996458642
2011,348,0.0801,0.1976,0.0384,0.0673,0.248,0.2072,0.1549,-0.0237154150197629,0.12113475177305,0.423118473172488,0.211300532297511
2011,356,0.0857,0.1892,0.0431,0.0736,0.258,0.2257,0.1704,-0.0879730055435045,0.0522803114571747,0.376500545652965,0.187479621780241
2011,364,0.0917,0.2001,0.048,0.0773,0.2571,0.2403,0.1733,-0.0912806539509537,0.0717728976968398,0.371487320082248,0.194921959289362
2012,4,0.0893,0.2014,0.0434,0.0735,0.2516,0.243,0.1711,-0.0936093609360936,0.0813422818791947,0.38562091503268,0.198519515477793
2012,12,0.0845,0.1954,0.0391,0.0686,0.2225,0.2355,0.1485,-0.0930610350429334,0.136376853736551,0.396212933190425,0.196749813717489
2012,20,0.084,0.1903,0.0342,0.0689,0.2292,0.2209,0.148,-0.0744163424124514,0.125036949453148,0.387531899380241,0.184830991793017
2012,28,0.0791,0.1908,0.0378,0.0696,0.2188,0.1923,0.1416,-0.00391542678151919,0.148014440433213,0.413856984068173,0.202076850712787
2012,36,0.0748,0.2087,0.035,0.0692,0.2405,0.2083,0.1449,0.000959232613908834,0.180429864253394,0.472310405643739,0.239964157706093
2012,44,0.0689,0.2273,0.0318,0.066,0.2635,0.218,0.1474,0.020884796766225,0.213237256471844,0.534773801485483,0.282413350449294
2012,52,0.0681,0.2516,0.0312,0.0673,0.2822,0.21,0.1471,0.0901213171577122,0.262101830950589,0.573975602126994,0.321658953863413
2012,60,0.0683,0.2631,0.0323,0.0676,0.2978,0.2134,0.1479,0.104302203567681,0.28029197080292,0.587809293904647,0.340404711145284
2012,68,0.0703,0.2763,0.0337,0.0717,0.2854,0.2003,0.1301,0.159462861938733,0.359744094488189,0.594345066358915,0.356315079392535
2012,76,0.0612,0.297,0.0289,0.0767,0.254,0.1792,0.1075,0.24737505249895,0.468479604449938,0.658291457286432,0.407267953988048
2012,84,0.0554,0.3168,0.0247,0.0675,0.2872,0.1759,0.1081,0.285975238481835,0.491174393975053,0.702310585706609,0.446395027152567
2012,92,0.057,0.3366,0.0258,0.0715,0.2945,0.1624,0.1057,0.349098196392786,0.522043861632376,0.710365853658537,0.470675375395596
2012,100,0.0498,0.3514,0.0228,0.0662,0.3058,0.1847,0.0981,0.310949449729528,0.563515016685206,0.751744765702891,0.509734991887507
2012,108,0.0513,0.3643,0.0241,0.0674,0.318,0.1788,0.0998,0.341557724176026,0.569920275802629,0.753128007699711,0.524692392798471
2012,116,0.0599,0.3821,0.0286,0.0727,0.3363,0.1763,0.1055,0.368553008595988,0.56726825266612,0.7289592760181,0.527504911591356
2012,124,0.0696,0.3892,0.0329,0.0806,0.346,0.2063,0.1092,0.307136859781696,0.561797752808989,0.696599825632084,0.51216307169642
2012,132,0.0826,0.3975,0.042,0.0892,0.3613,0.2063,0.1181,0.316661146074859,0.54189294026377,0.655905019787544,0.498859387871491
2012,140,0.0981,0.4055,0.048,0.0984,0.3712,0.2277,0.1308,0.280795957043588,0.512213313443968,0.610405083399523,0.470289455969647
2012,148,0.1063,0.4164,0.0523,0.1052,0.38,0.239,0.1357,0.270674397314617,0.508422387248687,0.593265735603597,0.466470110412467
2012,156,0.1085,0.4226,0.0538,0.1074,0.3914,0.2358,0.139,0.283718104495747,0.504985754985755,0.591414046318961,0.470181426261901
2012,164,0.1131,0.4244,0.0534,0.1088,0.4035,0.2502,0.1439,0.258227097539282,0.49357733591413,0.579162790697675,0.45712187958884
2012,172,0.115,0.4224,0.0512,0.1078,0.3984,0.2536,0.1387,0.249704142011834,0.505613972553912,0.572013397841459,0.444630872483221
2012,180,0.1158,0.4214,0.0512,0.1076,0.4001,0.2448,0.1392,0.265085559891924,0.503389225829468,0.568875651526433,0.441057614594158
2012,188,0.1168,0.4096,0.0521,0.1069,0.3897,0.2451,0.1438,0.251260119138537,0.480303577882183,0.556231003039514,0.425668013840026
2012,196,0.1196,0.4058,0.0528,0.1065,0.3845,0.2529,0.1442,0.232123880370427,0.475636363636364,0.544727826417967,0.414206321639458
2012,204,0.1179,0.4034,0.0512,0.1041,0.3979,0.2535,0.1497,0.228193027858122,0.458687398300488,0.547669288317667,0.413336807968497
2012,212,0.1143,0.3991,0.0493,0.1022,0.3855,0.2711,0.1467,0.190987764846315,0.462440454378893,0.554733151538761,0.415124041629012
2012,220,0.113,0.3989,0.0498,0.1029,0.3832,0.2403,0.1402,0.248122653316646,0.479873863847153,0.558507521000195,0.419601972525537
2012,228,0.1103,0.3924,0.0499,0.1008,0.3744,0.2301,0.1361,0.260722891566265,0.484957426679281,0.561169683707977,0.41980416083812
2012,236,0.1076,0.3738,0.0475,0.0963,0.3636,0.2259,0.1363,0.246623311655828,0.465594981376201,0.552970502700457,0.400144304482458
2012,244,0.1027,0.3559,0.0452,0.0912,0.3627,0.2085,0.1387,0.261162296243799,0.439142741609381,0.552115133013519,0.387606392749985
2012,252,0.0981,0.3437,0.0432,0.0872,0.3518,0.2005,0.1353,0.26313855200294,0.435073068893528,0.555907650520598,0.38176957035379
2012,260,0.1004,0.3387,0.0473,0.0887,0.3488,0.2111,0.1345,0.232084394325209,0.431530008453085,0.542700979275791,0.375547640810666
2012,268,0.101,0.3307,0.0475,0.0893,0.3507,0.2161,0.1383,0.209583028529627,0.410234541577825,0.532082464674543,0.363345882501819
2012,276,0.0971,0.3111,0.045,0.0848,0.3367,0.2074,0.1368,0.2,0.389149363697254,0.524252817246448,0.343786145739622
2012,284,0.0937,0.3074,0.0419,0.0824,0.3166,0.2045,0.1289,0.201015823403008,0.409122163648865,0.532784841685365,0.343491818561738
2012,292,0.0879,0.2868,0.0431,0.0805,0.2921,0.2123,0.1262,0.149268683630535,0.388861985472155,0.530824659727782,0.333512190214293
2012,300,0.075,0.2453,0.0371,0.0706,0.2688,0.2128,0.1272,0.0709452084697664,0.317046979865772,0.531689041523572,0.30044811403973
2012,308,0.0625,0.2125,0.0283,0.0588,0.2588,0.2137,0.1305,-0.00281557954012196,0.239067055393586,0.545454545454546,0.272677694964552
2012,316,0.0661,0.2073,0.0297,0.0631,0.2479,0.2091,0.1295,-0.00432276657060518,0.230997624703088,0.516459400146306,0.255584114687036
2012,324,0.0663,0.1997,0.033,0.0668,0.2384,0.2155,0.1277,-0.0380539499036608,0.219914477703115,0.501503759398496,0.247037037037037
2012,332,0.0585,0.1778,0.0291,0.0636,0.2132,0.1826,0.1015,-0.0133185349611543,0.273182957393484,0.504866694879391,0.227576208462096
2012,340,0.0471,0.1675,0.0227,0.0537,0.2106,0.1512,0.0918,0.0511452776906182,0.291939838025453,0.561043802423113,0.235183810602805
2012,348,0.0497,0.2042,0.025,0.0564,0.2017,0.1614,0.1047,0.117067833698031,0.322110715441891,0.608507286333202,0.293748574036048
2012,356,0.057,0.1882,0.0272,0.0655,0.2274,0.1728,0.1152,0.0426592797783933,0.240606460118655,0.535073409461664,0.247323179007691
2012,364,0.059,0.2161,0.0285,0.0671,0.2535,0.1873,0.1136,0.0713931581556767,0.310888686684865,0.571065067248273,0.28956390312235
2013,4,0.0635,0.2124,0.0308,0.0671,0.2495,0.1856,0.1189,0.0673366834170854,0.28222155146393,0.539688292859732,0.273231062830299
2013,12,0.0675,0.2102,0.0327,0.0667,0.2581,0.1984,0.1309,0.0288790993636808,0.23248314277338,0.513863881886928,0.260410963903792
2013,20,0.0648,0.2098,0.0307,0.0637,0.2601,0.2052,0.1343,0.0110843373493976,0.219412961348445,0.528040786598689,0.264917601490847
2013,28,0.0648,0.2235,0.0301,0.0664,0.2612,0.2018,0.1295,0.0510228074300494,0.26628895184136,0.550468262226847,0.286141862897119
2013,36,0.0655,0.2485,0.0318,0.0693,0.2725,0.2137,0.127,0.0752920813500649,0.323568575233023,0.582802547770701,0.326086956521739
2013,44,0.0663,0.2665,0.0319,0.0707,0.2734,0.2132,0.1224,0.111111111111111,0.370532270506557,0.6015625,0.351215746815901
2013,52,0.0676,0.2879,0.0326,0.073,0.2895,0.1772,0.1218,0.238013330466566,0.40541859897486,0.619690576652602,0.380089717046239
2013,60,0.0676,0.2974,0.0322,0.0747,0.3142,0.2004,0.1268,0.19485737243873,0.402168788307402,0.62958904109589,0.393089291823469
2013,68,0.0622,0.3208,0.029,0.0728,0.3188,0.2178,0.1211,0.191236539175641,0.451912197329713,0.675195822454308,0.43785980358957
2013,76,0.0568,0.3401,0.0256,0.0709,0.2954,0.1909,0.0995,0.280979284369115,0.547315741583258,0.713781809019904,0.475686748606354
2013,84,0.0553,0.3232,0.0241,0.0687,0.2954,0.1806,0.1016,0.283048828900357,0.52165725047081,0.70779392338177,0.454298795997965
2013,100,0.0606,0.3685,0.0287,0.0755,0.3181,0.1954,0.1017,0.30696932080156,0.567418119948958,0.717548357026334,0.507466130467746
2013,108,0.0682,0.3635,0.0328,0.0791,0.3192,0.1987,0.1076,0.293134115972963,0.543196773508809,0.684039842483206,0.483559310932076
2013,116,0.0764,0.3645,0.0364,0.0833,0.3155,0.1994,0.1117,0.292782408228409,0.530869382612348,0.653436153322749,0.46470740047745
2013,124,0.0834,0.3673,0.0394,0.0871,0.3322,0.1997,0.1226,0.295590828924162,0.499489691773831,0.62990903039716,0.451437476148073
2013,132,0.0907,0.3783,0.0421,0.0913,0.3522,0.2167,0.1272,0.271596638655462,0.49673590504451,0.613219616204691,0.447487163528863
2013,140,0.0972,0.3837,0.0451,0.0942,0.3686,0.21,0.1286,0.292572006063669,0.497950419675971,0.595757953836556,0.439781414054585
2013,148,0.1058,0.3924,0.0504,0.0997,0.3804,0.2105,0.1359,0.301708409354785,0.485519591141397,0.575270975511843,0.434453068154257
2013,156,0.1112,0.4006,0.052,0.1036,0.3815,0.2231,0.141,0.284591951258618,0.479320531757755,0.565455255959359,0.431219454046966
2013,164,0.1149,0.3946,0.0527,0.1053,0.376,0.2369,0.14,0.24972288202692,0.476243920688365,0.548969578017664,0.414063656550703
2013,172,0.1113,0.3655,0.0541,0.1043,0.36,0.2308,0.1416,0.225893006875734,0.441530270163676,0.533137583892617,0.390464194648398
2013,180,0.1079,0.3594,0.0521,0.1021,0.3613,0.2219,0.1447,0.236538792361947,0.425907558024202,0.538198159640488,0.389065932365954
2013,188,0.1082,0.3587,0.0495,0.1001,0.3673,0.2513,0.1492,0.176065573770492,0.412482772199252,0.536517455557935,0.382641371093392
2013,228,0.0973,0.3477,0.0428,0.0899,0.3668,0.2468,0.1373,0.169722455845248,0.433814432989691,0.562696629213483,0.388699161751009
2013,236,0.0965,0.3594,0.0417,0.0892,0.3612,0.2571,0.1347,0.165936739659367,0.454766241651488,0.576661548585216,0.404299818534125
2013,244,0.0955,0.3491,0.0424,0.088,0.3561,0.2494,0.1322,0.166583124477861,0.450654477456888,0.570400359874044,0.395237204663051
2013,252,0.0932,0.3515,0.0424,0.0864,0.3575,0.2397,0.1331,0.189106901217862,0.450680973999175,0.580841016415561,0.40544358636278
2013,260,0.0922,0.337,0.0402,0.0864,0.3398,0.2187,0.1303,0.212884649991002,0.442328268778087,0.570363466915191,0.385220620633222
2013,268,0.0932,0.3124,0.0413,0.0871,0.3353,0.2265,0.1332,0.159398775282984,0.402154398563734,0.54043392504931,0.35086596023946
2013,276,0.0919,0.3075,0.0435,0.0834,0.3351,0.2438,0.137,0.115545075276619,0.383577052868391,0.539809714571858,0.35167846540306
2013,284,0.0957,0.2969,0.0456,0.0839,0.3269,0.235,0.1401,0.116375258507238,0.358810068649886,0.512480896586857,0.328951670917533
2013,292,0.0954,0.274,0.0449,0.0813,0.3316,0.247,0.1526,0.0518234165067178,0.284575714955462,0.483486735246346,0.295763918789123
2013,300,0.0938,0.253,0.0429,0.0779,0.3157,0.2435,0.1564,0.0191339375629405,0.235955056179775,0.459054209919262,0.266390013721094
2013,308,0.1011,0.2564,0.0464,0.0822,0.3145,0.249,0.1614,0.0146418678274634,0.227381522259454,0.434405594405594,0.256270627062706
2013,316,0.0952,0.236,0.0449,0.0791,0.2883,0.2379,0.154,-0.00400928465921077,0.21025641025641,0.42512077294686,0.239382501955184
2013,324,0.0838,0.2099,0.0384,0.0683,0.2466,0.2187,0.1449,-0.0205319645356976,0.183201803833145,0.429349676540688,0.221274654313189
2013,332,0.091,0.2055,0.04,0.0712,0.2542,0.186,0.1594,0.049808429118774,0.126335982460948,0.386172006745363,0.197209782983121
2013,340,0.0973,0.2073,0.0439,0.0744,0.2705,0.2361,0.1745,-0.0649526387009472,0.0859088528025144,0.36112934996717,0.188117795943496
2013,348,0.1095,0.2166,0.0498,0.0839,0.2258,0.2183,0.1413,-0.00390894458496208,0.210393964794635,0.328426862925483,0.17848810079328
2013,356,0.1149,0.2172,0.053,0.0897,0.2221,0.2205,0.1348,-0.00753941055517477,0.234090909090909,0.308039747064137,0.169471870651382
2013,364,0.1153,0.2163,0.0543,0.0908,0.274,0.2402,0.1781,-0.052354874041621,0.0968559837728195,0.304583835946924,0.168237998467535
2014,4,0.1094,0.2152,0.0507,0.0841,0.2835,0.2516,0.1857,-0.0779777206512425,0.0735844350212023,0.325939617991374,0.177356086767023
2014,12,0.115,0.2214,0.054,0.0888,0.2871,0.2489,0.1906,-0.0584733149053795,0.074757281553398,0.316290130796671,0.176579925650558
2014,20,0.1144,0.2265,0.0534,0.0883,0.285,0.2648,0.1893,-0.0779564420924079,0.0894660894660895,0.328835435611616,0.185301507537688
2014,28,0.1099,0.2244,0.0516,0.0873,0.2807,0.2755,0.1828,-0.102220444088818,0.102161100196464,0.342506730481603,0.191241314804917
2014,36,0.0845,0.195,0.0429,0.0708,0.2345,0.2458,0.1632,-0.11524500907441,0.0887772194304857,0.395348837209302,0.200144901285999
2014,44,0.0696,0.2012,0.0319,0.0658,0.2311,0.1975,0.154,0.00928016052169553,0.132882882882883,0.485967503692762,0.238483563480845
2014,52,0.0622,0.2115,0.0272,0.0641,0.2342,0.1927,0.1429,0.0465116279069768,0.193566591422122,0.54548776032152,0.270333888607228
2014,60,0.0591,0.2661,0.0289,0.0668,0.2619,0.1887,0.112,0.170184696569921,0.407564136471833,0.636531365313653,0.368602870472595
2014,68,0.0587,0.2892,0.0284,0.0669,0.2868,0.1851,0.1204,0.219481340923466,0.412109375,0.662546708824375,0.403423410809297
2014,76,0.0594,0.3034,0.0271,0.0672,0.2933,0.1879,0.1149,0.235090576022797,0.45063351661487,0.672546857772878,0.418797844220933
2014,84,0.0502,0.3208,0.0227,0.0608,0.3012,0.1865,0.1001,0.264734870885078,0.524352577809456,0.729380053908356,0.465989323230584
2014,92,0.0488,0.3368,0.022,0.0612,0.3056,0.1746,0.0981,0.31716855690262,0.548861807312026,0.746887966804979,0.491601802539943
2014,100,0.0582,0.3471,0.0276,0.069,0.3165,0.1929,0.1093,0.285555555555556,0.521034180543383,0.71280532938564,0.484959376888471
2014,108,0.0675,0.3622,0.0321,0.0757,0.3285,0.2034,0.1105,0.280763790664781,0.532473027290036,0.685827321387014,0.48265583543516
2014,116,0.0792,0.3846,0.0409,0.0863,0.333,0.1886,0.1091,0.341939986043266,0.558031193032206,0.658473479948254,0.4916132770999
2014,124,0.0923,0.4049,0.0484,0.0974,0.3463,0.2109,0.1139,0.315037349788893,0.560909791827294,0.628720836685439,0.489753713103967
2014,132,0.0982,0.4162,0.0503,0.1009,0.3654,0.222,0.1214,0.304293324976496,0.548363095238095,0.618195956454121,0.488284248994257
2014,140,0.1006,0.4102,0.0484,0.0993,0.3771,0.2079,0.123,0.327293318233296,0.538634658664666,0.60610806577917,0.468863581293918
2014,148,0.1025,0.4106,0.047,0.0982,0.3657,0.2187,0.1198,0.30494199904656,0.548265460030166,0.600467745078932,0.46037296037296
2014,156,0.1083,0.4176,0.0485,0.1013,0.3671,0.2318,0.1217,0.286110255620573,0.548674207305767,0.58813462635482,0.453878437472486
2014,164,0.1152,0.4199,0.0506,0.1052,0.4011,0.2406,0.1313,0.271461014383043,0.523584905660377,0.56942627546253,0.439911064911065
2014,172,0.1163,0.4312,0.0494,0.1055,0.4129,0.2299,0.1315,0.304492512479201,0.532610627332504,0.575159817351598,0.447682684105772
2014,180,0.1113,0.4371,0.0467,0.1022,0.4049,0.2143,0.1271,0.342032545287074,0.549450549450549,0.594091903719912,0.464195138631636
2014,188,0.1071,0.4398,0.047,0.0997,0.4029,0.2261,0.1266,0.320919056915453,0.552966101694915,0.608337904552935,0.480808139198798
2014,196,0.1053,0.4413,0.0466,0.0979,0.4033,0.237,0.1217,0.301194161875276,0.567673179396092,0.614709110867179,0.487352053840798
2014,204,0.1,0.4297,0.0441,0.0937,0.3891,0.2302,0.1144,0.302318533111077,0.5794890645102,0.622427789314706,0.485152594249389
2014,212,0.0971,0.4117,0.044,0.0939,0.3729,0.2056,0.1167,0.333873319293698,0.558289174867525,0.618317610062893,0.472571050892267
2014,220,0.0886,0.385,0.0417,0.0872,0.3659,0.2087,0.1158,0.296951322216608,0.537539936102236,0.625844594594595,0.462013280543692
2014,228,0.0832,0.3642,0.0395,0.0825,0.346,0.2202,0.1141,0.246406570841889,0.522893581434246,0.628073312472061,0.448265960501547
2014,236,0.0822,0.3558,0.0373,0.08,0.3334,0.1995,0.1147,0.281469475958941,0.512433581296493,0.624657534246575,0.435877011311136
2014,244,0.0833,0.3539,0.0383,0.0802,0.3404,0.1996,0.1147,0.27877145438121,0.510456679470764,0.618938700823422,0.43186823709662
2014,252,0.0778,0.345,0.0381,0.076,0.3423,0.2091,0.1131,0.245262587980509,0.506221349050426,0.63197729422895,0.437731398053799
2014,260,0.0719,0.3408,0.0376,0.0731,0.3456,0.2054,0.1128,0.247894544123032,0.502645502645503,0.651562878604313,0.451113944436988
2014,268,0.0676,0.3092,0.0328,0.0667,0.3077,0.2182,0.1124,0.172544558210087,0.466793168880455,0.641188959660297,0.411220043572985
2014,276,0.0674,0.2932,0.0324,0.0693,0.3073,0.2093,0.1134,0.166965174129353,0.442203639940974,0.626178591236828,0.388079197030111
2014,284,0.0726,0.2945,0.0351,0.0739,0.3263,0.202,0.1139,0.186304128902316,0.442213516160627,0.604467447561972,0.378191362443331
2014,292,0.0713,0.2729,0.0348,0.0709,0.2991,0.2057,0.1138,0.140409527789386,0.411430049133695,0.585705984892504,0.350072931860804
2014,300,0.0657,0.2386,0.0305,0.0632,0.2738,0.2105,0.1143,0.0625695836116677,0.352224426183055,0.568189286887939,0.307859406716285
2014,308,0.0598,0.2134,0.0303,0.0568,0.2602,0.1951,0.1188,0.0447980416156671,0.28476821192053,0.562225475841874,0.285512472582624
2014,316,0.0636,0.1982,0.0291,0.0597,0.2461,0.1935,0.122,0.011998978810314,0.237976264834478,0.514132925897632,0.247144798207925
2014,324,0.0511,0.1745,0.0209,0.0463,0.1935,0.1783,0.1033,-0.0107709750566893,0.256299496040317,0.546985815602837,0.232944463321629
2014,332,0.0483,0.1656,0.0237,0.0453,0.2154,0.175,0.0946,-0.0275983558426307,0.272867025365104,0.548387096774194,0.22952295229523
2014,340,0.0552,0.1772,0.0262,0.0552,0.2085,0.183,0.0906,-0.0161021654636313,0.323375653472741,0.524956970740103,0.232487232258556
2015,100,0.0631,0.3894,0.0342,0.0778,0.3251,0.1799,0.0932,0.367995784296504,0.613758806464981,0.721104972375691,0.539695666556401
2015,108,0.0606,0.412,0.0284,0.0752,0.3415,0.1819,0.0953,0.387438962788348,0.624285432682831,0.743546339399069,0.562204018942788
2015,116,0.0637,0.4116,0.0305,0.0763,0.3477,0.1966,0.0949,0.353502137454785,0.625271470878578,0.731958762886598,0.555733043672726
2014,300,0.0657,0.2386,0.0305,0.0632,0.2738,0.2105,0.1143,0.0625695836116677,0.352224426183055,0.568189286887939,0.307859406716285
2015,124,0.0773,0.3713,0.0364,0.0813,0.3404,0.2169,0.1166,0.262495749744985,0.522033203525313,0.655372269282211,0.470520453236028
2015,132,0.0946,0.329,0.0444,0.0895,0.3352,0.2184,0.1441,0.202046035805627,0.390826463749736,0.553352219074599,0.37477615758506
2015,140,0.1048,0.3074,0.0486,0.0943,0.334,0.2247,0.1587,0.155421913174215,0.319030251019095,0.491508976225133,0.322262518292295
2015,148,0.1069,0.2934,0.0486,0.0934,0.3227,0.2378,0.1643,0.104668674698795,0.282062486344767,0.465900574569073,0.29691778641024
2015,156,0.106,0.2848,0.0473,0.0918,0.3235,0.2266,0.1626,0.11380524051623,0.27313366115333,0.457523029682702,0.285431499632834
2015,164,0.1063,0.271,0.0483,0.0917,0.3158,0.2397,0.1682,0.0612884276483258,0.234061930783242,0.436522661012457,0.266237755003071
2015,172,0.1086,0.2694,0.0506,0.0937,0.3135,0.263,0.1755,0.0120210368144253,0.21105866486851,0.425396825396825,0.260784949724295
2015,180,0.1115,0.27,0.0535,0.0969,0.3375,0.2782,0.183,-0.0149580445093031,0.19205298013245,0.415465268676278,0.257681677775971
2015,188,0.1118,0.2743,0.0546,0.0972,0.355,0.2665,0.1801,0.0144230769230769,0.207306338028169,0.420875420875421,0.264554571502996
2015,196,0.1091,0.2769,0.0528,0.0949,0.3532,0.2396,0.1796,0.0722168441432721,0.213143483023001,0.434715025906736,0.273200911755129
2015,204,0.1098,0.2763,0.0536,0.0958,0.3452,0.2282,0.1755,0.0953419226957383,0.223107569721115,0.431235431235431,0.271508707846846
2015,212,0.1077,0.269,0.0536,0.0946,0.3333,0.2353,0.1663,0.0668253023993655,0.235929244199403,0.42819219538094,0.266488236849062
2015,220,0.0932,0.2561,0.0483,0.0824,0.3292,0.2384,0.1692,0.035793731041456,0.204326357865036,0.466361294016605,0.280272530195107
2015,228,0.091,0.252,0.0487,0.0808,0.325,0.2548,0.1698,-0.00552486187845309,0.194879089615932,0.469387755102041,0.280928284767056
2015,236,0.091,0.2488,0.0471,0.0821,0.3222,0.2418,0.166,0.0142682429677945,0.199614271938284,0.464390818128311,0.273663764697721
2015,244,0.0894,0.2497,0.0456,0.0812,0.3109,0.2273,0.1598,0.0469601677148847,0.21953601953602,0.472721910940725,0.27750848279205
2015,252,0.0855,0.2559,0.0468,0.0775,0.3124,0.2156,0.1515,0.0854718981972428,0.256259204712813,0.499121265377856,0.300444319063404
2015,260,0.0768,0.2629,0.0415,0.072,0.3116,0.2141,0.1445,0.10230607966457,0.290623465881198,0.54783632617015,0.329392190874013
2015,268,0.0749,0.2646,0.039,0.0717,0.2788,0.195,0.1298,0.151436031331593,0.341784989858012,0.558762886597938,0.333626450932114
2015,276,0.0753,0.2569,0.0409,0.0709,0.2753,0.1826,0.1287,0.16905574516496,0.33246887966805,0.546658639373871,0.323834658868005
2015,284,0.0737,0.2549,0.0387,0.069,0.3017,0.205,0.1375,0.108501848227876,0.299184505606524,0.551430310407791,0.321995948395351
2015,292,0.0708,0.2522,0.0372,0.068,0.2937,0.1815,0.1364,0.163015909614941,0.297992794647452,0.561609907120743,0.324391988555079
2015,300,0.0671,0.2349,0.0345,0.0623,0.2593,0.1911,0.1264,0.102816901408451,0.300304456130639,0.555629139072848,0.304261106074343
2015,308,0.0645,0.2212,0.0318,0.0586,0.256,0.1946,0.1317,0.0639730639730639,0.253612921507509,0.548477423871194,0.286011535372709
2015,316,0.0705,0.2084,0.0343,0.0618,0.2526,0.201,0.1414,0.0180752320468979,0.191538021726701,0.494442452491933,0.250882363642979
2015,324,0.0747,0.1995,0.0352,0.0622,0.2552,0.2176,0.1495,-0.0433948693358907,0.143266475644699,0.455142231947484,0.225482402254824
2015,332,0.0743,0.1931,0.0351,0.0626,0.2508,0.2231,0.1491,-0.0720807304180682,0.128579777907656,0.444278234854151,0.215897939156035
2015,340,0.0722,0.1691,0.0333,0.0599,0.2387,0.2112,0.1443,-0.110702077307389,0.0791320995532865,0.401574803149606,0.179106132860153
2015,348,0.0644,0.1532,0.0305,0.0523,0.2103,0.1742,0.1295,-0.0641417226634087,0.0838344534842589,0.408088235294118,0.169355761528779
2015,356,0.0642,0.1489,0.0301,0.0551,0.198,0.1733,0.1339,-0.0757293606455618,0.053041018387553,0.39746597841389,0.161845072037299
2015,364,0.0673,0.1517,0.0313,0.0598,0.1891,0.2078,0.1567,-0.156050069541029,-0.01621271076524,0.385388127853881,0.159757713420405
2016,4,0.0579,0.1484,0.0275,0.0541,0.2015,0.1788,0.0777,-0.0929095354523228,0.312693498452012,0.438681531749879,0.175448799968981
2016,12,0.0469,0.1385,0.0239,0.0466,0.1908,0.1667,0.1015,-0.0923984272608126,0.154166666666667,0.494066882416397,0.184580663361947
2016,20,0.0469,0.1488,0.0258,0.0506,0.1871,0.1512,0.1015,-0.00799999999999995,0.188973232121454,0.520694941236587,0.205991752243875
2016,28,0.0502,0.189,0.0257,0.0552,0.2104,0.1719,0.1161,0.0473815461346634,0.238938053097345,0.580267558528428,0.267447685845312
2016,36,0.0537,0.2039,0.0264,0.0584,0.2235,0.1773,0.1236,0.0697796432318992,0.245190839694656,0.583074534161491,0.282734733830284
